Query	Accession	Gene definition	txid	Superkingdom	Phylum	Class	Order	Family	Genus	Species	Sequence
Ahliesaurus berryi	EU366544	Ahliesaurus berryi voucher MCZ 161662 cytochrome oxidase subunit I (COI) gene, partial cds; mitochondrial	509771	Eukaryota	Chordata	Actinopteri	Aulopiformes	Notosudidae	Ahliesaurus	Ahliesaurus berryi	GTGAACATGAGGTGGGCTCAGACGATAAAGCCTAGGAGGCCGATTGCTATCATAGCTCAGACCATGCCCATGTAGCCAAAGGGTTCTTTTTTCCCTGAATAGTAGGCTACGATGTGGGAGATCATACCAAAGCCGGGGAGAATAAGAATGTAGACCTCTGGGTGACCAAAGAATCAGAACAGGTGCTGGTAAAGGATGGGGTCTCCGCCCCCTGCCGGGTCAAAGAAGGTGGTGTTCAGGTTTCGGTCAGTTAGAAGTATTGTAATGCCTGCCGCTAGAACGGGGAGGGAGAGTAAAAGAAGGACGGCAGTAATAAGGACTGCTCAGACGAAGAGGGGAGTTTGGTACTGGGTGATGGCGGGGGGTTTTATGTTAATAATTGTTGTGATGAAGTTAATGGCACCCAGGATAGAGGAGATACCTGCCAGGTGGAGGGAGAAGATGGTTAGGTCTACGGAAGCTCCTGCATGGGCCAGGTTGCTGGCGAGAGGCGGATACACAGTTCATCCTGTTCCGGCCCCGGCTTCTACAGCGGAGGAGGCTAGGAGTAGAAGGAAGGATGGGGGGAGTAGTCAAAAGCTCATGTTGTTCATTCGGGGGAATGCCATGTCAGGCGCCCCGATCATAAGAGGGATAAGTCAGTTTCCGAACCCACCGATCATAATTGGTATTACCATGAAAAAAATTATTACGAAAGCGTGGGCAGTAACGATAACATTGTAAATCTGGTCGTCTCCTAAAAGGGCTCCGGGTTGGCTTAGCTCAGCTCGGATGAGAAGGCT
Ahliesaurus berryi	KF929574	Ahliesaurus berryi voucher KUT 5285 cytochrome oxidase subunit 1 (COI) gene, partial cds; mitochondrial	509771	Eukaryota	Chordata	Actinopteri	Aulopiformes	Notosudidae	Ahliesaurus	Ahliesaurus berryi	CCTCTACCTACTATTTGGTGCCTGGGCCGGGATGGTGGGTACAGCCCTAAGCCTTCTCATCCGAGCTGAGCTAAGCCAACCCGGAGCCCTTTTAGGAGACGACCAGATTTACAATGTTATCGTTACTGCCCACGCTTTCGTAATAATTTTTTTCATGGTAATACCAATTATGATCGGTGGGTTCGGAAACTGACTTATCCCTCTTATGATCGGGGCGCCTGACATGGCATTCCCCCGAATGAACAACATGAGCTTTTGACTACTCCCCCCATCCTTCCTTCTACTCCTAGCCTCCTCCGCTGTAGAAGCCGGGGCCGGAACAGGATGAACTGTGTATCCGCCTCTCGCCAGCAACCTGGCCCATGCAGGAGCTTCCGTAGACCTAACCATCTTCTCCCTCCACCTGGCAGGTATCTCCTCTATCCTGGGTGCCATTAACTTCATCACAACAATTATTAACATAAAACCCCCCGCCATCACCCAGTACCAAACTCCCCTCTTCGTCTGAGCAGTCCTTATTACTGCCGTCCTTCTTTTACTCTCCCTCCCCGTTCTAGCGGCAGGCATTACAATACTTCTAACTGACCGAAACCTGAACACCACCTTCTTTGACCCGGCAGGGGGCGGAGACCCCATCCTTTACCAGCACCTG
Alepisaurus ferox	AF092181	Alepisaurus ferox 12S ribosomal RNA gene, mitochondrial gene for mitochondrial RNA, partial sequence	88653	Eukaryota	Chordata	Actinopteri	Aulopiformes	Alepisauridae	Alepisaurus	Alepisaurus ferox	ANAGCCGAAACACCNNTAAAACCGCCCGGGAGAACTCCAACGCACTACGAGGCATTCAAACCCAAAGGACTTGGCGGTGCCTCAGGACCCAGCGAGAGGAGCCTRTTCCTAGCCCGCATAACCCGCAACACACCCACCACCGCTGGGNAGTCGCCGCCTATATACCGACGACGCTCCTCTGAAGCCCCTGTAGCAAAGGCACACCCCAAACGTCAGGTCGAGGTGTAGCGTATGAGTGGGAAGAAATGGGCTACATTCTCTACTCCAGAGAACACGAAAGGTAAAATGAAACAAATACCTGAAGGCGGATTTAGCAGTAAGAAGAAAAACG
Alepisaurus ferox	AP004211	Alepisaurus ferox mitochondrial DNA, almost complete genome	88653	Eukaryota	Chordata	Actinopteri	Aulopiformes	Alepisauridae	Alepisaurus	Alepisaurus ferox	GCCCATGTAGTTTAACTAAAATATTACACTGAAGATGTAAAGATGGACCCTGATAAGTCTCGTGAGCATAAAAGCTTGGTCCTGGCTTTACTGTCATCTTTAGCCAAACTTACACATGCAAGTCTCCGCACCCCTGTGAGAATGCCCTCAATTTCCCGTCCGGAAACGAGGAGCTGGTATCAGGCACACCCCCGTAGCCCAAGACGCCTTGCTCAGCCACACCCCCAAGGGAGTTCAGCAGTGATAAATATTAAGCAATGAGTGAAAACTTGACTTAGTTAAGGTTAATAGGGCCGGTCAACCTCGTGCCAGCCACCGCGGTTATACGAGGGGCCCAAGCTGACAGACGTCGGCGTAAAGAGTGGTTACGGAACGACCTAAACTAAAGTTAAACACCCCCCAAACTGTTATACGCGCCCGGGGGCCGGATACTCCACCACGAAAGTGACTTTAATTTTCCTGAACCCACCACAGCTATGGACCAAACTGGGATTAGATACCCCACTATGCATAGCCGTAAACTTTGATAGTGTTATACACCCGCTATCCGCCCGGGGACTACAAGCATCAGCTTCAAACCCAAAGGACTTGGCGGTGCCTCAGACCCACCTAGAGGAGCCTGTTCTAGAACCGATAACCCCCGTTCAACCTCACCACCCCTGGCCAGCCCCGCCTATATACCGCCGTCGTCAGCTTACCCTTTGAAGGCCTCATAGTAAGCAAAACGGGCACAGCCCCAAACGTCAGGTCGAGGTGTAGCGTATGAGGTGGGAAGAAATGGGCTACATTCTCTACTCCAGAGAACACGAAAGGTAAAATGAAACAAATACCTGAAGGCGGATTTAGCAGTAAGAAGAAAAAACGAGCGTTCTTCTGAAGCTGGCTCTGAAGCGCGCACACACCGCCCGTCACTCTCCCCAAAATTTTACACTTCTAGTAATTTTAAAAAAGAAATAAATAAAGGGGAGGCAAGTCGTAACATGGTAAGTGTACCGGAAGGTGCACTTGGACAAACCAGGGTGTAGCTAAGATAGTCAAAGCATCTCCCTTACACTGAGAAGTCGCCCGTGCAACTCGGGTCGCCCTGAGCCTAACAGCTAGCCCACCCAACTAAACTAATACCCCACTATAAATAATTTTATACCCCTAATAGACCAAACAAACCATTTTTCTTCCTAAGTACGGGCGACGGAAAAGGAACTCACAAGGAGCTACAGATAAAGTACCGCAAGGGAAAGCTGAAAAAGAAATGAAATAACCCTTTTAAGCCCCAAAAAGCAGAGATTTACCCTCGTACCTTTTGCATCATGATTGAGCCAGTACACTAAAGCAAAGCGCCCTTTAGTTTTTTACCCCGAAACTAGACGAGCTACTCCGAGACAGCCTATTAAAGGGCCAACCCGTCTCTGTGGCAAAAGAGTGGGAAGAACTCCGAGTAGAGGTGACAGACCTACCGAGCCTAGTTATAGCTGGTTGCCTAGGAAATGAATAGAAGTTCAGCCCTCCGACCCTCCCCGCCCCGATTGCTAACAGCACTCTCGGCCCCGGGCCAGGCAGAGGCGTTAGTCAAAGAAGGTCCAGCTTCTTTGAACAAAGATACAACTTTTTTAGGAGGCTAAAGATCATATTTAAACAAGGAATAGTTCTTCTAGTGGGCCTAAAAGCAGCCATCTAAACAAAAAGCGTTAAAGCTTATACAAAGAATTTAATCCTCTGATTTTGATACCACACTCTTATACCCCTACACCTACTAGGCCACTTCATGCACCCATGAAAGAGACCATGCTTAAATGAGTAATAAGAGGGAACGACCCTCTCCTAGCACATGTGTAAACCGGATTGGACTCCCCACCGATATTTAACGGCCCCAGAAACAAGAGGGCATTGAACTTAAACCTAATAACTGAACAAGAAGGACACTCAACTAAACACCGTTAACCCCACACAGGAGTGCTTCACCAGGAAAGACTAAAAGATCAGGGAAGGAACTCGGCAAACACAAGCCTCGCCTGTTTACCAAAAACATCGCCTCTTGCAAGCAAAAGAATAAGAGGTCCCGCCTGCCCTGTGACCCATAAAGTTTAACGGCCGCGGTATTTTGACCGTGCGAAGGTAGCGCAATCACTTGTCCTTTAAATGAGGACCTGTATGAATGGCATAACGAGGGCTTAGCTGTCTCCCCTATCCAGTCAATGAAATTGATCTTCCCGTGCAGAAGCGGGGCTGATCTCATAAGACGAGAAGACCCTATGGAGCTTTAGACAATCAGACGACCCCTTTAAAACAGCTTAGCACAATAAAGCTGATCCCCTTGGCCGGACCCCGTCTTATGTCTTTGGTTGGGGCGACCGTGGGGAAAAGAAAATCCCCCATGAGGACCAAAAACCACCACTTTTATAGCCGAGAGCCTACCACTCAAAGCATCAGAACCTCTGACCCAAATGATCCGGCCCACCGGCCGATCAACGAACCGAGTTACCCTAGGGATAACAGCGCAATCCCCTCCCAGAGCCCATATCGACGAGGGGGTTTACGACCTCGATGTTGGATCAGGACATCCTAATGGTGCAGCCGCTATTAAGGGTTCGTTTGTTCAACGATTAACAGTCCTACGTGATCTGAGTTCAGACCGGAGTAATCCAGGTCAGTTTCTATCTATGATTTGCTCTTCTCTAGTACGAAAGGACCGAGAAGAAAGGGCCCATTATTATCAACACGCCCTACCCCCACCTGAAGAAAACAACTAAAACAAACAAAAGGGCCGACATACCACCACAGTGAGAGCAACTGAAAAGGAAGGTGGCAGAGCTCGGTAAATGCTAAAGACCTAAGTCCTTTCTACGGAGGTTCAAGTCCTCCCCTTCCTAAACGTATAAACCACAGTCGGGAAAACAACCTAATGTTACGGCCTTTGTACCGCCCCAAGAGACTCAAAGCTCTTTCCGACTATGATCACGACCCTTGTTGTCTACATCCTAAACCCCCTCACCTACATTGTCCCTGTCCTCCTGGCAGTCGCCTTCCTTACCCTTCTAGAACGAAAAGTTCTAGGGTATATACAACTTCGTAAAGGCCCAAACATTGTAGGCCCCTATGGTCTTCTTCAACCAATCGCCGATGGGGTTAAATTATTTATCAAAGAACCTGTCCGCCCCTCTACCTCCTCCCCCTTCCTATTCCTAGCCACCCCTATGCTAGCCCTCACACTAGCCCTCACCCTATGGGCCCCTATGCCAATTCCATACCCCGTCACAGACTTAAACCTAGGAATTCTATTTGTCCTGGCCCTCTCCAGCCTAGCCGTTTACTCAATCCTGGGGTCAGGATGAGCCTCAAACTCCAAATACGCCCTAATTGGTGCTCTCCGAGCCGTAGCCCAAACCATCTCGTATGAAGTAAGCCTCGGCCTAATCCTACTAAGCATCATCCTTCTTACAGGCGGTTTTACCCTCCAAACCTTCAATACTGCCCAAGAGAGCATCTGACTGGTGATCCCAGCATGGCCTCTCGCTGCCATATGATACATTTCAACACTTGCCGAGACTAACCGCGCCCCCTTTGATCTCACAGAAGGAGAGTCAGAGCTCGTCTCAGGCTTTAATGTTGAGTACGCCGGGGGTCCCTTCGCCCTATTTTTCCTCGCAGAGTACGCCAACATTCTCCTCATAAATACCCTCTCAACAATCCTCTTTCTTGGGGCCTCCCACATCCCCACCTTTCCTGAACTCACAGCCATTAACCTAATAACTAAGGCCGCCCTTCTTTCAGTGGTATTCCTCTGAGTCCGTGCATCATACCCCCGATTCCGCTACGACCAGCTTATACACCTAGTCTGAAAAAACTTCTTACCTATTACTTTGGCCCTAGTGATCTGACACCTGGCCCTTCCTATTGCCCTCGCAAGCCTCCCCCCTCAACTTTAAGTATGCCCGGAACCGTGCCCGAATGCTAAGGACCACTTTGATAGAGTGATACATGGGGGTTCAAGTCCCCCCGATTCCTATAGAAAGTAGGGACTCGAACCCAAACTTAAGAGATCAAAACTCTTAGTGCTTCCACTACACCACTTCCTAGCAAGATCAGCTAAACAAGCTTTTGGGTTCATACCCCAACAATATCGGTTAAAATCCTTTTCCTGCTAATGAGCCCATACATCCTGTGTACCCTTCTCTTTAGCCTCGGACTAGGGACAACCATTACATTCGCCAGCTCTCACTGGCTCCTTGCCTGAATAGGCCTTGAAATCAACACCCTAGCTATTATCCCACTAATGACACAACACCACCACCCCCGGGCAGTAGAAGCCGCCACTAAATACTTCCTCACTCAAGCAACAGCTGCTGCCCTAATTCTTTTTGCAAGCACCACCAACGCCTGACTTACAGGAGAATGAGACATCCAACAGCTAACCCACCCCCTTGCAACTACCCTAGCCATTCTTGCCTTAGCATTAAAAATCGGACTCGCCCCTGTGCACTTCTGACTCCCAGAGGTCCTTCAAGGCCTAGACCTAACAACCGGCCTCCTCCTTTCAACCTGGCAAAAGCTTGCCCCTTTTGCCCTCATCCTACAGCTATCCTCTGCTAACCCCTCCCTCCTAATCTTCCTAGGCCTTTTATCCACCCTTGTCGGGGGTTGAGGCGGCTTAAACCAAACCCAGCTCCGCAAAATCCTTGCCTACTCCTCTATTGCCCACTTAGGATGGATAATTCTAGTTTTACAATTCGCCCCCACCCTCACACTTCTGTCACTACTCCTCTACATCACCATGACATCCGCAACATTCCTCACCTTCAAACTTAACAACGCAACCAATATTAACTCTCTCGCCACCTCTTGATCTAAAGTCCCCGCCCTCACAGCTCTTGTTCCCCTCTCTCTTCTCTCCTTAGGGGGCTTGCCCCCTCTCTCAGGCTTTATACCAAAATGATTTATCTTACAAGAATTAACTAAACAAGGTCTCCCCCTCACTGCTACTATCGCAGCCCTCTCAGCCCTCCTCAGCCTATACTTCTACCTCCGATTATGCTACGCAATAACCCTAACCATCTCCCCAAATACACTCATTGCCCCCACCCCCTGACGCCTTACCACCTTCCAGCTGACCCTCCCCCTCTCACTATTAATAATGATAAGCCTCGCACTACTCCCCCTCGCCCCCACAGCCCTTGCTCTTCTTACCCCATAACTTTAGAGACTTAGGTTAGTATTAAGACCAAGGGCCTTCAAAGCCCTAAGCGAGAGTGAAAGTCTCTCAGTCTCTATAAGACCTGCGGGACTTTATCCCACATCTTCTGTATGCAAAACAGACACTTTAATTAAGCTAAGGCCTTTCTAGAAAGGAAGGCCTCGATCCTACAAAGTCTTAGTTAACAGCTAAGTGCCCTAACCAGCGAGCATCTTTCTACTTTTTCCCGCTGTTAGCCGAGACAAAGCGGGAAAAAGCCCCGGCAGGCGTTAGCCTACAATTTCAGGTTTGCAATCTGACGTTTCTAAAACTGCGGAACTTGGTACGGAGAGGACTTGAACCTCTGTTTGTGGAGCTACAATCCACCGCTTAACCCTCAGCCACCCTACCTGTGATAACCACACGCTGACTCTTTTCAACTAACCACAAAGATATTGGCACCCTCTATCTACTATTTGGTGCCTGAGCCGGAATAGTAGGCACAGCCTTAAGTCTCCTTATCCGAGCCGAGCTAAGCCAACCCGGAGCCCTCCTGGGAGATGACCAAATCTATAACGTAATCGTAACCGCCCACGCCTTCGTAATAATCTTCTTCATAGTAATGCCCGTTATAATCGGCGGGTTCGGAAACTGACTTATCCCCTTGATAATTGGGGCCCCTGACATAGCCTTTCCGCGAATGAATAACATGAGCTTCTGGCTACTTCCTCCATCCTTCCTCCTCCTCCTCTCCTCTTCAGCTGTTGAAGCTGGGGCCGGAACAGGGTGAACAGTCTACCCTCCTCTAGCTAGCAACTTAGCCCACGCCGGAGCCTCGGTCGACCTGACCATCTTCTCCCTCCATCTGGCGGGTATTTCTTCTATCCTGGGGGCTATTAACTTCATCACAACAATTATTAACATGAAACCCCCGGCCATCACCCAATACCAAACTCCCCTGTTTGTTTGAGCCGTTCTAATTACCGCAGTCCTTCTCCTACTCTCCCTCCCCGTCCTAGCGGCAGGCATCACTATGCTCCTTACAGATCGAAACCTAAACACAACCTTCTTTGACCCAGCCGGCGGGGGGGATCCAATTCTTTACCAACACCTCTTCTGATTCTTTGGCCACCCAGAAGTCTACATCTTAATTCTTCCCGGCTTCGGAATGATCTCCCACATTGTTGCCTACTACTCAGGCAAAAAAGAACCCTTCGGCTACATGGGTATGGTCTGAGCAATGATAGCAATCGGACTTCTAGGTTTCATTGTCTGAGCACATCACATGTTTACAGTCGGAATGGACGTAGACACACGTGCCTACTTTACATCCGCCACAATAATTATCGCAATTCCTACAGGGGTAAAAGTATTCAGCTGACTTGCCACCCTCCATGGAGGCACCATTAAATGGGATACACCCATGCTATGGGCCCTAGGCTTTATCTTCCTGTTCACAGTAGGAGGCCTAACAGGGATCGTTCTTTCAAATTCATCTCTAGACATTGTATTACACGACACATACTACGTCGTAGCCCATTTCCACTATGTACTTTCAATAGGAGCTGTCTTTGCTATTATGGCCGGGTTTGTTCACTGATTCCCCCTATTTTCTGGCTACACCCTGCACAGTACATGAACAAAAATTCACTTCTCAGTTATATTTGTAGGAGTGAACGTAACCTTCTTCCCCCAACACTTCCTTGGGCTCGCAGGTATGCCCCGACGGTACTCAGACTATCCTGATGCCTACACACTATGAAATACAGTCTCTTCAATCGGCTCTATGATTTCTCTTATTGCCGTAATCATGTTCCTGTTTATTGTGTGAGAAGCATTTGCTTCCAAACGAGAAGTGGCCCACGTAGACATGACATCAACAAACGTAGAATGACTTCACGGCTGCCCGCCACCCTACCACACCTTTGAAGAACCTGCATTTGTTCAAGTAAAAGTCGCCTAAACGAGAAAGGAGGGAATCGAACCCCCGTATAATGGTTTCAAGCCATTCGCATAACCATTCTGCCACTTTCTTAATGAGACACTAGTAGAACGCGCAAATTACACTGCCTTGTCAAGGCAGAAATGTGGGTTGAAACCCCACGTGTTTCAAGCATTAAGCTTAATGGCACATCCCTCACAACTCGGATTCCAAGACGCGGCCTCACCTGTTATAGAAGAACTGCTCCACTTCCACGACCATGCCCTGATGATTGTTATTCTCATTAGCGCATTTGTCCTTTATATTTTAGTAGCTATAGTCTCCACAACCCTTACAGACAAGTATATTCTAGACTCCCAAGAAATCGAAATTATTTGAACCATCCTCCCCGCCGTAATTCTTATCCTAATCGCTCTCCCCTCCCTTCGCATCCTTTACCTAATAGACGAGATCAGTGACCCCCACCTTACAATTAAAGCCATGGGCCATCAATGATACTGAAGCTACGAATACACAGATTACGAGGACCTAGGATTTGACTCGTATATAATCCCGACACAAGACCTAGCACCTGGCCACTTCCGCCTCCTAGAGGCCGACCACCGAATGGTCGTACCTGTTGAATCCCCTATCCGCATTTTAGTCTCCGCAGAAGATGTACTCCACTCTTGAGCTGTCCCAGCCCTTGGGGTTAAAATGGACGCAGTCCCTGGACGACTAAATCAAACAGCTTTTATTACCTCCCGCCCAGGAGTGTTCTATGGTCAGTGCTCTGAGATCTGCGGAGCAAACCACAGCTTCATGCCTATTGTTGTTGAAGCAGTTCCTCTTGAACATTTTGAGACATGATCTTCCCTAATACTCGAAGACGCCTCGCCGTGAAGCTAAATTTAGGGTAAAGCGTTAGCCTTTTAAGCTAAAGATTGGTGGCTCCTAACCACCCACGGTGACATGCCTCAACTAAACCCAAGCCCTTGGTTCGCCATTCTGGTATTCTCCTGACTAGTCTTCCTAATCGTTATTCCCCCTAAAGTGGTCAATCACGTCTTCCCGCACGATCCTGCAGCACAAAGCGTAGAAAAACCCATCCACTCCTCTTGATCCTGACCATGATACTAAACTTCTTTGACCAATTTGCAAGCCCCTCACTTCTAGGAATTCCCCTCATTGCTCTCGCAATAACACTCCCCTGAATCCTCTTCCCCCTTCCGTCTTCACGCTGACGTGACAGCCGCCTCTTAGCACTCCAAAACTGATTCCTTAACCGCTTCACACAACAACTTCTCCTCCCCCTAAATGTAGGCGGACACAAATGAGCAGCCCTACTCACCTCCTTAATGGTTTACTTAATAACCCTTAACATGCTCGGCCTTCTACCCTACACCTATACCCCTACCACACAACTCTCCCTTAACCTCGGACTGGCCGTTCCCCTCTGACTCGGCACAGTCCTAATTGGGCTTCGTAACGCTCCGACACACGCCCTCGCCCATCTTCTTCCCGAAGGCACCCCTACCCCTCTGATTCCAATTCTGATTATCATCGAAACCATCAGTCTTTTTATTCGACCCCTTGCCCTTGGGGTCCGGCTTACCGCCAACCTCACAGCAGGTCATCTTCTTATGCAACTCATCGCAACAGCTGCCTTCGTCCTCCTCCCTCTTATGCCAACAGTAGCAATTCTTACGGGGATCGTCCTATTCTTATTAACCCTACTAGAAGTCGCTGTTGCCATGATTCAGGCCTACGTCTTTGTTCTTCTCCTAAGCCTTTACCTACAGGAAAACGTTTAATGGCCCACCAAGCTCATGCATACCATATAGTAGATCCAAGCCCTTGACCCCTAACAGGTGCTATCGCTGCCCTCCTAATAACTTCTGGCCTTGCAACCTGATTCCACTACAACTCCACGACGCTCATGACCCTCGGGATGATGCTTCTTATCTTAACGATATATCAATGATGACGAGACATCGTCCGAGAAGGAACATTTCAAGGACACCACACACCCCCCGTCCAAAAAGGCCTCCGATACGGAATAGTTCTCTTCATCACCTCAGAAGTCTTTTTCTTCCTTGGATTCTTCTGAGCTTTCTACCACGCCAGTCTTGCCCCCACCCCAGAACTAGGGGGATGCTGACCGCCAACAGGCATCACCGCTCTTGACCCCTTTGAAGTCCCTCTCTTAAACACCGCCGTACTTCTCGCCTCCGGTGTAACCGTTACATGGGCCCATCACAGCATTATGGAAGGTGAACGAAAACAGACAATTCAATCTCTAGCCCTCACAATCCTCCTAGGCTTCTACTTCACCTTCCTACAAGGCATGGAATACTACGAAGCCCCCTTTACAATCGCTGATGGAGTCTACGGCTCAACTTTCTTTGTCGCAACCGGCTTCCACGGACTTCACGTAATTATTGGCTCTACCTTTTTAGCCGTATGCCTTCTACGACAGATTCAGTACCACTTTACATCCCAACACCACTTCGGGTTTGAAGCAGCCGCATGATACTGACACTTCGTAGATGTTGTCTGACTGTTCCTTTACATCTCCATCTACTGATGAGGCTCATAATCTTTCTAGTATAAAAGCTAGTACCTGTGACTTCCAATCACACAGACCTGGTTAAACCCCAGGGAGAGATAATGAACCTGGTCTCAACAGTACTTTTGATCGCCCTGGCCCTTTCTTCCGTCCTAGCCTTAGTGTCCTTTTGACTCCCCCAAATTAACCCCGACACCGAAAAACTTTCACCCTACGAATGCGGCTTTGATCCCCTCGGGTCAGCACGTCTTCCATTCTCCCTCCGATTCTTCCTAGTCGCTATTTTGTTCCTCTTATTTGACCTAGAAATTGCACTCCTCCTCCCCCTCCCATGAGGGGATCAACTTGACACCCCCACCCACACATTTTATTGAACAACAGCTGTCTTAACCCTTCTTACCCTCGGCCTAGCCTATGAGTGAACACAAGGCGGCCTAGAGTGAGCTGAATAGGTAATTAGTCCAAGACAAGACATTTGATTTCGGCTCAAAAGATCGTGGTTTAAATCCACAATTGCCTTATGACTCCCACCCACTTTGCCTTCTCATCAGCTTTTATACTAGGCCTCATGGGACTTGCATTCCATCGAACCCACCTTTTATCTGCACTCCTCTGCCTTGAAGGAATGATGCTATCCCTTTTTATTGCGCTCTCCCTCTGAACCCTTCAACTGGGGGCAACCGGTTATTCTGCAGCACCCATGCTTCTACTTGCTTTTTCAGCCTGTGAAGCTAGCGCCGGCCTAGCACTTCTAGTTGCAACCGCCCGAACCCACGGAACAGATCACCTCCAAAGCCTAAATCTCCTACAATGCTAAAAATCCTCCTGCCAACACTTATGCTCTTTCCAACAATCTGACTCGCCCACAAAAAATGAATATGAACTATTACACTAACCCAAACCCTTCTTATTGCCCTAATTAGTCTCTGCTGACTAAAGAACTCAGCAGAGACCGGGTGATCCTCCCTGAACCCCTACCTAGGTACAGACCCCTTATCAACCCCTCTCCTAGTCCTCACATGCTGACTTCTTCCCCTCATGATCCTCGCCAGCCGTAATCATATTTCCCCAGAGCCTGAGAACCGACAACGAACCTACCTCTCCTTACTAGCCTCCCTCCAAGTCTTTCTTATCCTAGCCTTCGGCGCCACGGAAATCATTATGTTTTACGTCATGTTTGAAGCCACACTCGTCCCTACACTCTTTATTATCACCCGCTGAGGTAACCAGACAGAGCGCCTGAACGCAGGTACATACTTCTTATTTTATACACTGGCAGGCTCTCTCCCCCTTCTCGTAGCCCTCCTCCTCCTCCAAAACGACACAGGCACTCTCTCAATACTTACCCTCCAGTACTCAAACCCCTTAAACTTAACTGCCTGAGGTGACAAATTATGATGAGCCGCCTGTCTTCTCGCTTTCCTGGTTAAAATACCTCTTTACGGGGTCCATCTCTGACTCCCTAAAGCCCACGTAGAAGCACCAGTAGCCGGATCTATGGTCCTTGCTGCAGTTCTCCTAAAACTGGGTGGATACGGCATAATACGAATAATGTTGGTTCTAGACCCCCTCTCTAAAGAGCTTGCCTACCCTTTTATTGTCTTGGCCCTCTGAGGAATTATTATAACCGGTTCTATTTGCCTCCGCCAAACAGATCTCAAGTCCTTAATCGCTTATTCCTCCGTCAGCCACATGGGCCTTGTTGCAGGGGGAATCTTAATTCAAACCCCCTGAGGATTTACCGGCGCCCTAATTTTAATGATTGCCCACGGCCTCGCATCCTCAGCCTTATTCTGCTTGGCTAACACCAGCTACGAACGAACTCATAGCCGAACCATACTCCTCGCACGAGGCATACAAATAGTTCTCCCCCTTATGGCAACCTGATGATTCATTGCTAATTTAGCCAACCTCGCCCTTCCCCCCCTCCCCAACCTCATAGGAGAATTAATAATTATTTCCTCACTATTTAACTGGTCCTACTGAACCCTCATCTTAACCGGTGCCGGCACCCTAATTACTGCAGGTTACTCCCTCTACCTCTTCCTAATAACCCAACGAGGCCCCGTCCCCCAACACATGCTTGCCCTAGACCCCTCCCACACCCGTGAACACCTGCTTATTGTCCTTCACCTCCTCCCCCTCATCCTTCTAATTCTAAAACCCGAGCTAATCTGAGGCTGATGCTTCTGTAGACATAGTTTAACAAAAACATTAGATTGTGATTCTAAAAACAGGGGTTAAAACCCCCTTGTCCACCGAGAGGGGCCCGTTGGCAATAATGACTGCTAATCCCTTATCCCCACGGTTAGACTCCGTGGCCCACTCGAGCTTCTGAAGGATAACAGTCTATCCGTTGGTCTTAGGAACCAAAAACTCTTGGTGCAAATCCAAGCAGAAGCTATGCACCCTACCACCCTTATAATAGGTACTTCCCTCCTCCTAATTTTCTCCCTGCTAATCTACCCCCTACTCACCACGCTCGCCCCCTCCCCCCGCCAAGAAAACTGGGCAGTTTCACACGTTGCAACAGCAGTAAAATTAGCATTTTTCATTAGCCTTCTCCCCCTGTTTATTTTTCTAAACGAAGGAGCCGAAACTATTGTCACCAACTGAAGCTGAATAAACACACAAACCTTCGACATCAATCTCAGCTTCAAATTTGACCACTACTCCGTTATCTTTACCCCCATCGCTCTTTATGTCACCTGATCTATTCTAGAGTTTGCATCTTGATACATGCACTCTGACCCCAACATGAACCGCTTTTTCAAATACCTCCTCCTCTTTCTAGTCGCTATAATTATCTTAGTTACCGCTAACAACATATTCCAACTCTTTATTGGATGAGAAGGCGTCGGAATCATATCATTCCTCCTAATCGGGTGGTGATATGGACGAGCAGATGCTAACACTGCCGCCCTCCAAGCAGTAATCTACAACCGAGTCGGAGACATCGGACTTATTTTAAGTATGGCCTGATTAGCCACCAACTTAAACTCCTGAGAAATACAACAAATGTTCGCCGCCTCTAAAGGTCAAGATCTAACTCTCCCCCTTATAGGATTAATTCTTGCAGCCACAGGGAAATCGGCACAATTCGGCCTCCACCCCTGACTCCCCTCAGCTATAGAAGGTCCCACCCCCGTTTCAGCCCTTCTCCACTCAAGTACTATAGTAGTCGCAGGAATTTTCCTCCTTATCCGACTAAGCCCCCTGATAGAAAACAACCAAACTGCTCTAACAACCTGCCTCTGCCTAGGAGCCCTAACCACCCTCTTTACAGCTACCTGCGCACTTACCCAAAACGACATTAAAAAAATCGTAGCCTTTTCCACCTCTAGCCAACTCGGCCTAATAATGGTCACGATCGGCCTTAACCAACCCCAACTCGCATTCCTTCACATCTGCACCCACGCCTTCTTTAAAGCAATGCTATTTTTATGCTCCGGCTCCATCATTCACAGCCTCAATGACGAACAAGACATCCGCAAAATGGGAGGGCTCCAACACCTAGCCCCCTTCACCTCCTCTTGCTTCACCATTGGTAGCCTAGCCCTCACAGGCACTCCCTTCCTGGCAGGCTTCTTCTCTAAAGATGCTATCATTGAAGCCCTCAACACATCCTACCTAAACGCCTGAGCCCTTACCCTTACACTCCTAGCCACCTCTTTCACAGCTATCTATAGCCTCCGAGTAGTCTTCTTTGTTTCCATAGGCCATCCCCGATTCCTCCCCCTATCCCCCATCAACGAAAATAACCCCATGGTCATTAACCCCATCAAACGACTAGCCTGAGGTAGCATTATTGCAGGCCTGTTACTCACCTCCAACTTCCTCCCTCTGAAAACCCCCGTTATAACTATACCCCCCCTCCTTAAGCTCTCCGCCCTGATTGTTACCATTTTAGGCCTTCTTACGGCCCTAGAGCTAGCTTCCCTAACCGGAAAACAGTTTAAAACAACACCCTGACTTCCCGCACACAACTTCTCCAACATGCTAGGCTACTTCCCAATGATCATTCACCGCCTAACCCCTAAGCTTAACCTAGTCCTAGGCCAATCAATCGCAAGTCAAATAGTAGATCAAACATGATTAGAAAAAACAGGCCCCAAAGCAACCGCAACTATCCTAGCACCTTTAGCCTCCGCTACAAGTAACATTCAACAGGGTATAATCAAAACCTATTTGACACTCTTCCTCCTAACCCTAGCCCTTACAACTTTAATTATCTTCTATTAAACTGCCCGAAGCGTACCACGACTAAGCCCCCGCGTCAACTCTAAAACAACCAGCAGTGCAAGAAGTAAAACTCACGCACAAATCACAAGCATTCCTCCCCCAAACGAGTACATTAGGGCCACCCCTCCTACATCTCCCCGCAACACAACAAACTCTTTAAATTCATCCACCGCAACCCAAGACACCCCGTATCAATCTCCCCCAAATCACCCAGCGCTTAACAATACCCCTCCTAAATAAAACGTCACATAACCTAGAACCGACCGATCTCCCCAAGATGCAGGAAACGGCTCAGCAGCCAAAGCTGCCGAATAAGCAAATACTACAAGCATTCCCCCTAAATAAATTAAAAACAGCACCAAAGACAAGAAAGAACCCCCTTGCGCCACTAACAACCCACAGCCAAACCCCGCTGTCAAGACCAACCCCAGCGCTGCAAAATACGGCGCAGGATTAGAAGCAACTGCAATTAACCCAACCACTAAACCAAATAAAAACAAAGACATAAAATAGGTCATAATTCCTGCCCGGATTTTAACCAGGACCAATGACTTGAAAAACCACCGTTGTGACTCAACTACAGGAACTCTAATGGCCCTCCGAAAAACCCACCCCCTACTAAAAATTGCAAACGACGCCCTAGTCGACCTCCCAGCCCCCTCTAATATCTCAGCCTGATGAAACTTTGGTTCTCTTCTTGGACTTTGTCTAATTACACAGATCCTCACAGGCCTATTTTTAGCAATACATTATACCTCCGATATTGCCACAGCCTTTTCCTCGGTCACCCATATCTGCCGTGATGTAAACTACGGCTGACTTATCCGTAATATACATGCTAACGGTGCCTCCTTCTTTTTTATCTGCATCTACATGCACATTGCACGAGGACTATACTACGGATCCTACCTCTACAAGGCAACCTGAAATGTAGGCGTAGTACTACTCCTCCTAGTGATAGTAACCGCTTTCGTAGGCTACGTACTTCCCTGAGGACAAATGTCCTTCTGAGGTGCAACAGTAATTACCAATCTCCTTTCAGCAGTGCCATACGTCGGAAACACCCTCGTACAATGAATCTGAGGAGGTTTCTCCGTCGACAACGCCACGCTTACTCGCTTCTTTGCCTTCCACTTTCTATTCCCCTTCGTTATTTTGGCTGCTACACTAATCCACCTCCTTTTTCTCCACGAAACCGGCTCAAACAACCCTGTAGGAATCAACTCAGACGCAGACAAAATCTCCTTCCACCCCTACTTCATCTATAAAGACCTCCTCGGCTTTGTTGTGATGCTGGTAGCCCTCACATCCCTTGCCCTCTTCACTCCCAACCTCCTAGGAGACCCCGACAATTTTATCCCCGCCAACCCCCTGGTTACACCGCCCCACATCAAGCCTGAGTGGTATTTCCTCTTCGCATACGCCATTTTACGCTCCATTCCAAATAAACTTGGCGGGGTACTAGCTCTCCTGGCCTCCATCCTAGTTCTTATTCTAGTCCCATTCCTCCACACCTCTAAACAACGAGGCCTTACATTCCGACCCTTAACCCAACTTTTATTCTGGGCCTTCGTTGCCAACGTCATTATTCTAACCTGAATCGGCGGAATACCTGTAGAACACCCCTTCATTATCATCGGCCAAATTGCATCCTTCCTCTACTTCCTCCTCCTGCTTATCCTTTCACCCCTTGCAGGCTGAGTGGAAAATAAAGCCCTTAAATGAGCTTGCCCTAGTAGCTCAGTTTCAGAGCGCCGGTTTTGTAATCCGGAGGTCTGAGGTTAGATTCCTCCCTAGTGCTCAGAGAGAGGAGATTTTAACTCCCACCTTTAGCTCCCAAAGCTAATATTCTTAATTTAACTACCCCCTGACACAACTTTGTATACTAATACCCCACCGCGCCCCCACCCGGCGCAACTTTTATACGCTATGTACCAATTCATACTATGTTTTTACCCATAGATTTTTCGAAAGATATGGATAGCCTTTCAATACATTTTGTAGTATATTAATACATTATTATGTATAATCAACATTACTTGTATTGTCACCCTAACACATCACTATCATTCATAATAAATTACATCACCCATCCCTATACAAATTACAAATTAGTGGAATAAAGGTATTTCCTTGGTTTATCCCCTTATCTTGATTAAACGGGCTTACATATTATTGATTCATCAAATTAACGTTCACAATAAATTAATGTAGCAAGAAACCACCAAAAGTGTTGTCTAATGGCCGCCTTCCGGTCGCATGATAGGTCAGGGATATTAATTGTTATCCGGCTCA
Alepisaurus ferox	EU366542	Alepisaurus ferox voucher USNM cytochrome oxidase subunit I (COI) gene, partial cds; mitochondrial	88653	Eukaryota	Chordata	Actinopteri	Aulopiformes	Alepisauridae	Alepisaurus	Alepisaurus ferox	GTAAACATGGGAGGTGCTCAGACAATGAAACCTAGAAGTCCGATTGCTATCATTGCTCAGACCATGCCCATGTAGCCGAAGGGTTCTTTTTTACCTGAATAGTAGGCAACAATGTGGGAGATCATTCCGAAGCCGGGAAGAATTAAGATGTAAACTTCTGGGTGGCCAAAGAACCAGAAGAGGTGTTGGTAAAGAATTGGATCCCCCCCGCCGGCTGGGTCAAAGAAGGTTGTGTTTAGGTTTCGATCTGTAAGGAGCATAGTGATGCCTGCCGCTAGGACGGGGAGGGAGAGTAGGAGAAGGACTGCGGTAATTAGAACGGCTCAAACAAACAGGGGAGTTTGGTATTGGGTGATGGCCGGGGGTTTCATGTTAATAATTGTTGTGATGAAGTTAATAGCCCCCAGGATAGAAGAAATACCCGCCAGATGGAGAGAGAAGATGGTCAGGTCGACCGAGGCTCCGGCGTGGGCTAAGTTGCTAGCTAGAGGAGGGTAGACTGTTCACCCTGTTCCGGCCCCAGCTTCAACAGCTGAAGAGGAGAGGAGGAGGAGGAAGGATGGAGGAAGTAGCCAGAAGCTCATGTTGTTCATTCGCGGAAAGGCTATGTCAGGGGCCCCGATTATCAAGGGGATAAGTCAGTTTCCGAACCCGCCGATTATAACGGGTATTACTATGAAGAAGATTATTACGAAGGCGTGGGCGGTTACGATTACGTTATAGATTTGGTCATCTCCCAGGAGGGCTCCGGGTTGGCTTAGCTCGGCTCGGATAAGGAGACT
Alepisaurus ferox	FJ918942	Alepisaurus ferox cytochrome oxidase subunit I (COI) gene, partial cds; mitochondrial	88653	Eukaryota	Chordata	Actinopteri	Aulopiformes	Alepisauridae	Alepisaurus	Alepisaurus ferox	ATAGTAGGCACAGCCTTAAGTCTCCTTATCCGAGCCGAGCTAAGCCAACCCGGAGCCCTCCTGGGAGATGACCAAATCTATAACGTAATCGTAACCGCCCACGCCTTCGTAATAATCTTCTTCATAGTAATGCCCGTTATAATCGGCGGGTTCGGAAACTGACTTATCCCCTTGATAATCGGGGCCCCTGACATAGCCTTTCCGCGAATGAACAACATGAGCTTCTGGCTACTTCCTCCATCCTTCCTCCTCCTCCTCTCCTCTTCAGCTGTTGAAGCTGGGGCCGGAACAGGGTGAACAGTCTACCCTCCTCTAGCTAGCAACTTAGCCCACGCCGGAGCCTCGGTCGACCTGACCATCTTCTCTCTCCATCTGGCGGGTATTTCTTCTATCCTGGGGGCTATTAATTTCATCACAACAATTATTAACATGAAACCCCCGGCCATCACCCAATACCAAACTCCCCTATTTGTTTGAGCCGTTCTAATTACCGCAGTCCTTCTCCTACTCTCCCTCCCCGTCCTAGCGGCAGGCATCACTATGCTCCTTACAGATCGAAACCTAAACACAACCTTCTTTGACCCAGCCGGCGGGGGGGATCCAATTCTTTACCAACACCTCTTCTGATTCTTTGGCCACCCAGAAGTCTACATCTTAATTCTTCCCGGCTTCGGAATGATCTCCCACATTGTTGCCTACTATTCAGGTAAAAAAGAACCCTTTGGCTACATGGGCATGGTCTGAGCAATGATAGCAATCGGACTTCTAGGTTTCATTGTCTGAGCACAT
Alepisaurus ferox	JF492807	Alepisaurus ferox voucher ADC09_85.2#1 cytochrome oxidase subunit 1 (COI) gene, partial cds; mitochondrial	88653	Eukaryota	Chordata	Actinopteri	Aulopiformes	Alepisauridae	Alepisaurus	Alepisaurus ferox	CCTCTATCTACTATTTGGTGCCTGAGCCGGAATAGTAGGCACAGCCTTAAGTCTCCTCATCCGAGCCGAGCTAAGCCAACCCGGAGCCCTCCTGGGAGATGACCAAATCTATAACGTAATCGTAACCGCCCACGCCTTCGTAATAATCTTCTTCATAGTAATGCCCGTTATAATCGGCGGGTTCGGAAACTGACTTATCCCCTTGATAATTGGGGCCCCTGACATAGCCTTTCCGCGAATGAACAACATGAGCTTCTGGCTACTTCCTCCATCCTTCCTCCTCCTCCTCTCCTCTTCAGCTGTTGAAGCTGGGGCCGGAACAGGGTGAACAGTCTACCCTCCTCTAGCTAGCAACTTAGCCCACGCCGGAGCCTCCGTCGACCTGACCATCTTCTCTCTCCATTTGGCGGGTATTTCTTCTATCCTGGGGGCTATTAACTTCATCACAACAATTATTAACATGAAACCCCCGGCCATCACCCAATACCAAACTCCCCTGTTTGTTTGAGCCGTTCTAATTACCGCAGTCCTTCTCCTACTCTCCCTCCCCGTCCTAGCGGCAGGCATCACTATACTCCTTACAGATCGAAACCTAAACACAACCTTCTTTGACCCAGCCGGCGGGGGGGATCCAATTCTTTACCAACACCTC
Alepisaurus ferox	JF952665	Alepisaurus ferox voucher MIZU1 cytochrome oxidase subunit 1 (COI) gene, partial cds; mitochondrial	88653	Eukaryota	Chordata	Actinopteri	Aulopiformes	Alepisauridae	Alepisaurus	Alepisaurus ferox	CCTCTATCTACTATTTGGTGCCTGAGCCGGAATAGTAGGCACAGCCTTAAGTCTCCTTATCCGAGCCGAGCTAAGCCAACCCGGAGCCCTCCTGGGAGATGACCAAATCTATAACGTAATCGTAACCGCCCACGCCTTCGTAATAATCTTCTTCATAGTAATGCCCGTTATAATCGGCGGGTTCGGAAACTGACTTATCCCCTTGATAATTGGGGCCCCTGACATAGCCTTTCCGCGAATGAATAACATGAGCTTCTGGCTACTTCCTCCATCCTTCCTCCTCCTCCTCTCCTCTTCAGCTGTTGAAGCTGGGGCCGGAACAGGGTGAACAGTCTACCCTCCTCTAGCTAGCAACTTAGCCCACGCCGGAGCCTCGGTCGACCTGACCATCTTCTCCCTCCATCTGGCGGGTATTTCTTCTATCCTGGGGGCTATTAACTTCATCACAACAATTATTAACATGAAACCCCCGGCCATCACCCAATACCAAACTCCCCTGTTTGTTTGAGCCGTTCTAATTACCGCAGTCCTTCTCCTACTCTCTCTCCCCGTCCTAGCGGCAGGCATCACTATGCTCCTTACAGATCGAAACCTAAACACAACCTTCTTTGACCCAGCCGGCGGGGGGGATCCAATTCTTTACCAACACCTC
Alepisaurus ferox	JQ353961	Alepisaurus ferox voucher UW:113571 cytochrome oxidase subunit 1 (COI) gene, partial cds; mitochondrial	88653	Eukaryota	Chordata	Actinopteri	Aulopiformes	Alepisauridae	Alepisaurus	Alepisaurus ferox	TTGGCACCCTCTATCTACTATTTGGTGCCTGAGCCGGAATAGTAGGCACAGCCTTAAGTCTCCTTATCCGAGCCGAGCTAAGCCAACCCGGAGCCCTCCTGGGAGATGACCAAATCTATAACGTAATCGTAACCGCCCACGCCTTCGTAATAATCTTCTTCATAGTAATGCCCGTTATAATCGGCGGGTTCGGAAACTGACTTATCCCCTTGATAATTGGGGCCCCTGACATAGCCTTTCCGCGAATGAACAACATGAGCTTCTGGCTACTTCCTCCATCCTTCCTCCTCCTCCTCTCCTCTTCAGCTGTTGAAGCTGGGGCCGGAACAGGGTGAACAGTCTACCCTCCTCTAGCTAGCAACTTAGCCCACGCCGGAGCCTCGGTCGACCTGACCATCTTCTCCCTCCATCTGGCGGGTATTTCTTCTATCCTGGGGGCTATTAACTTCATCACAACAATTATTAACATGAAACCCCCGGCCATCACCCAATACCAAACTCCCCTGTTTGTTTGAGCCGTTCTAATTACCGCAGTCCTTCTCCTACTCTCCCTCCCCGTCCTAGCGGCAGGCATCACTATGCTCCTTACAGATCGAAACCTAAACACAACCTTCTTTGACCCAGCCGGCGGGGGGGATCCAATTCTTTACCAACACCTCTTCTGATTCTTCGG
Alepisaurus ferox	KF929580	Alepisaurus ferox voucher KUT 7442 cytochrome oxidase subunit 1 (COI) gene, partial cds; mitochondrial	88653	Eukaryota	Chordata	Actinopteri	Aulopiformes	Alepisauridae	Alepisaurus	Alepisaurus ferox	CCTCTATCTACTATTTGGTGCTTGAGCCGGAATAGTAGGCACAGCCTTAAGTCTCCTTATCCGAGCCGAGCTAAGCCAACCCGGAGCCCTCCTGGGAGATGACCAAATCTATAACGTAATCGTAACCGCCCACGCCTTCGTAATAATCTTCTTCATAGTAATGCCCGTTATAATCGGCGGGTTCGGAAACTGACTTATCCCCTTGATAATCGGGGCCCCTGACATAGCCTTTCCGCGAATGAACAACATGAGCTTCTGGCTACTTCCTCCATCCTTCCTCCTCCTCCTCTCCTCTTCAGCTGTTGAAGCTGGGGCCGGAACAGGGTGAACAGTCTACCCTCCTCTAGCTAGCAACTTAGCCCACGCCGGAGCCTCGGTCGACCTGACCATCTTCTCTCTCCATCTGGCAGGTATTTCTTCTATCCTGGGGGCTATTAACTTCATCACAACAATTATTAACATGAAACCCCCGGCCATCACCCAATACCAAACTCCCCTGTTTGTTTGAGCCGTTCTAATTACCGCAGTCCTTCTCCTACTCTCCCTCCCCGTCCTAGCGGCAGGCATCACTATGCTCCTTACAGATCGAAACCTAAACACAACCTTCTTTGACCCAGCCGGCGGGGGGGATCCAATT
Alepisaurus ferox	KF929581	Alepisaurus ferox voucher KUT 957 cytochrome oxidase subunit 1 (COI) gene, partial cds; mitochondrial	88653	Eukaryota	Chordata	Actinopteri	Aulopiformes	Alepisauridae	Alepisaurus	Alepisaurus ferox	CCTCTATCTACTATTTGGTGCCTGAGCCGGAATAGTAGGCACAGCCTTAAGTCTCCTTATCCGAGCCGAGCTAAGCCAACCCGGAGCCCTCCTGGGAGATGACCAAATCTATAACGTAATCGTAACCGCCCACGCCTTCGTAATAATCTTCTTCATAGTAATGCCCGTTATAATCGGCGGGTTCGGAAACTGACTTATCCCCTTGATAATTGGGGCCCCTGACATAGCCTTTCCGCGAATGAACAACATGAGCTTCTGGCTACTTCCTCCATCCTTCCTCCTCCTCCTCTCCTCTTCAGCTGTTGAAGCTGGGGCCGGAACAGGGTGAACAGTCTACCCTCCTCTAGCTAGCAACTTAGCCCACGCCGGAGCCTCGGTCGACCTGACCATCTTCTCCCTCCATCTGGCGGGTATTTCTTCTATCCTGGGGGCTATTAACTTCATCACAACAATTATTAACATGAAACCCCCGGCCATCACCCAATACCAAACTCCCCTGTTTGTTTGAGCCGTTCTAATTACCGCAGTCCTTCTCCTACTCTCCCTCCCCGTCCTAGCGGCAGGCATCACTATGCTCCTTACAGATCGAAACCTAAACACAACCTTCTTTGACCCAGCCGGCGGGGGGGACCCAATTCTTTACCAACACCTC
Alepisaurus ferox	KJ010550	Alepisaurus ferox voucher UW:113571 16S ribosomal RNA gene, partial sequence; mitochondrial	88653	Eukaryota	Chordata	Actinopteri	Aulopiformes	Alepisauridae	Alepisaurus	Alepisaurus ferox	GGTCCCGCCTGCCCTGTGACCCATAAAGTTTAACGGCCGCGGTATTTTGACCGTGCGAAGGTAGCGCAATCACTTGTCCTTTAAATGAGGACCTGTATGAATGGCATAACGAGGGCTTAGCTGTCTCCCCTATCCAGTCAATGAAATTGATCTTCCCGTGCAGAAGCGGGGCTGATCTCATAAGACGAGAAGACCCTATGGAGCTTTAGACAATCAGACGACCCCTTTAAAACAGCTTAGCACAATAAAGCTGATCCCCTTGGCCGGACCCCGTCTTATGTCTTTGGTTGGGGCGACCGTGGGGAAAAGAAAATCCCCCATGAGGACCAAAAACCACCACTTTTATAGCCGAGAGCCTACCACTCAAAGCATCAGAACCTCTGACCCAAATGATCCGGCCCACCGGCCGATCAACGAACCGAGTTACCCTAGGGATAACAGCGCAATCCCCTCCCAGAGCCCATATCGACGAGGGGGTTTACGACCTCGATGTTGGATCAGGACATCCTAATGGTGCAGCCGCTATTAAGGGTTCGTTTGTTCAACGATTAACAGTCCTACGTGATC
Alepisaurus ferox	KR422479	Alepisaurus ferox voucher UW:113571 cytochrome b gene, partial cds; mitochondrial	88653	Eukaryota	Chordata	Actinopteri	Aulopiformes	Alepisauridae	Alepisaurus	Alepisaurus ferox	ATTCAACTACAGGAACTCTAATGGCCCTCCGAAAAACCCACCCCCTACTAAAAATTGCAAACGACGCCCTAGTCGACCTCCCAGCCCCCTCTAATATCTCAGCCTGGTGAAACTTTGGTTCTCTTCTTGGACTTTGTCTAATTACACAGATCCTCACAGGCCTATTTTTAGCAATACATTACACCTCCGATATTGCCACAGCCTTTTCCTCGGTCACCCATATCTGCCGTGATGTAAACTACGGCTGACTTATCCGTAATATACATGCTAACGGTGCCTCCTTCTTTTTTATCTGCATCTACATGCACATTGCACGAGGGCTATACTACGGATCCTACCTCTACAAGGCAACCTGAAATGTAGGCGTAGTACTACTCCTCCTAGTGATAGTAACCGCTTTCGTAGGCTACGTACTTCCCTGAGGACAAAT
Alepisaurus ferox	KY033539	Alepisaurus ferox voucher 08-081 cytochrome oxidase subunit 1 (COI) gene, partial cds; mitochondrial	88653	Eukaryota	Chordata	Actinopteri	Aulopiformes	Alepisauridae	Alepisaurus	Alepisaurus ferox	CCTCTACCTACTATTTGGTGCCTGAGCCGGAATAGTGGGCACAGCCTTAAGCCTCCTTATCCGAGCCGAGCTAAGCCAACCCGGAGCCCTTCTGGGAGATGACCAAATCTATAACGTAATCGTAACCGCCCACGCCTTCGTAATAATCTTCTTCATAGTAATGCCCGTTATAATCGGCGGGTTCGGAAACTGACTAATCCCCCTAATGATCGGAGCCCCTGACATAGCCTTTCCGCGAATGAACAACATGAGCTTCTGACTCCTTCCTCCATCCTTCCTCCTTCTCCTCTCCTCTTCAGCTGTTGAAGCTGGAGCCGGGACAGGGTGAACAGTATACCCTCCTCTTGCTAGCAACTTAGCACACGCCGGAGCCTCAGTTGACCTAACCATCTTCTCCCTCCACCTGGCAGGTATTTCCTCTATCCTCGGGGCTATCAACTTTATCACGACAATCATTAATATGAAACCCCCAGCCATCACTCAGTACCAAACTCCCCTGTTTGTTTGAGCCGTTCTTATTACCGCAGTTCTTCTTCTACTCTCCCTCCCCGTCCTAGCAGCAGGCATCACTATGCTCCTCACAGATCGAAACCTGAACACAACCTTCTTTGACCCAGCCGGCGGAGGGGATCCAATTCTTTATCAACACCTC
Alepisaurus ferox	KY033540	Alepisaurus ferox voucher 07-681 cytochrome oxidase subunit 1 (COI) gene, partial cds; mitochondrial	88653	Eukaryota	Chordata	Actinopteri	Aulopiformes	Alepisauridae	Alepisaurus	Alepisaurus ferox	CACCCTCTACCTACTATTTGGTGCCTGAGCCGGAATAGTGGGCACAGCCTTAAGCCTCCTTATCCGAGCCGAGCTAAGCCAACCCGGAGCCCTTCTGGGAGATGACCAAATCTATAACGTAATCGTAACCGCCCACGCCTTCGTAATAATCTTCTTCATAGTAATGCCCGTTATAATCGGCGGGTTCGGAAACTGACTAATCCCCCTAATGATCGGAGCCCCTGACATAGCCTTTCCGCGAATGAACAACATGAGCTTCTGACTCCTTCCTCCATCCTTCCTCCTTCTCCTCTCCTCTTCAGCTGTTGAAGCTGGAGCCGGGACAGGGTGAACAGTATACCCTCCTCTTGCTAGCAACTTAGCACACGCCGGAGCCTCAGTTGACCTAACCATCTTCTCCCTCCACCTGGCAGGTATTTCCTCTATCCTCGGGGCTATCAACTTTATCACGACAATCATTAATATGAAACCCCCAGCCATCACTCAATACCAAACTCCCCTGTTTGTTTGAGCCGTTCTTATTACCGCAGTTCTTCTCCTACTCTCCCTCCCCGTCCTAGCAGCAGGCATCACTATGCTCCTCACAGATCGAAACCTGAACACAACCTTCTTTGACCCAGCCGGCGGAGGGGATCCAATTCTTTATCAACAC
Alepisaurus ferox	KY033541	Alepisaurus ferox voucher DPND 1921 cytochrome oxidase subunit 1 (COI) gene, partial cds; mitochondrial|KY033541.1 Alepisaurus ferox voucher 07-501 cytochrome oxidase subunit 1 (COI) gene, partial cds; mitochondrial	88653	Eukaryota	Chordata	Actinopteri	Aulopiformes	Alepisauridae	Alepisaurus	Alepisaurus ferox	CCTCTATCTACTATTTGGTGCCTGAGCCGGAATAGTAGGCACAGCCTTAAGTCTCCTTATCCGAGCCGAGCTAAGCCAACCCGGAGCCCTCCTGGGAGATGACCAAATCTATAACGTAATCGTAACCGCCCACGCCTTCGTAATAATCTTCTTCATAGTAATGCCCGTTATAATCGGCGGGTTCGGAAACTGACTTATCCCCTTGATAATCGGGGCCCCTGACATAGCCTTTCCGCGAATGAACAACATGAGCTTCTGGCTACTTCCTCCATCCTTCCTCCTCCTCCTCTCCTCTTCAGCTGTTGAAGCTGGGGCCGGAACAGGGTGAACAGTCTACCCTCCTCTAGCTAGCAACTTAGCCCACGCCGGAGCCTCAGTCGACCTGACCATCTTCTCTCTCCATCTGGCGGGTATTTCTTCTATCCTGGGGGCTATTAACTTCATCACAACAATTATTAACATGAAACCCCCGGCCATCACCCAATACCAAACTCCCCTGTTTGTTTGAGCCGTTCTAATTACCGCAGTCCTTCTCCTACTCTCCCTCCCCGTCCTAGCGGCAGGCATCACTATGCTCCTTACAGATCGAAACCTAAACACAACCTTCTTTGACCCAGCCGGCGGGGGGGATCCAATTCTTTACCAACACCTC
Alepisaurus ferox	KY033542	Alepisaurus ferox voucher 07-610 cytochrome oxidase subunit 1 (COI) gene, partial cds; mitochondrial	88653	Eukaryota	Chordata	Actinopteri	Aulopiformes	Alepisauridae	Alepisaurus	Alepisaurus ferox	CACCCTCTACCTACTATTTGGTGCCTGAGCCGGAATAGTGGGCACAGCCTTAAGCCTCCTTATCCGAGCCGAGCTAAGCCAACCCGGAGCCCTTCTGGGAGATGACCAAATCTATAACGTAATCGTAACCGCCCACGCCTTCGTAATAATCTTCTTCATAGTAATGCCCGTTATAATCGGCGGGTTCGGAAACTGACTAATCCCCCTAATGATCGGAGCCCCTGACATAGCCTTTCCGCGAATGAACAACATGAGCTTCTGACTCCTTCCTCCATCCTTCCTCCTTCTCCTCTCCTCTTCAGCTGTTGAAGCTGGAGCCGGGACAGGGTGAACAGTATACCCTCCTCTTGCTAGCAACTTAGCACACGCCGGAGCCTCAGTTGACCTAACCATCTTCTCCCTCCACCTGGCAGGTATTTCCTCTATCCTCGGGGCTATCAACTTTATCACGACAATCATTAATATGAAACCCCCAGCCATCACTCAGTACCAAACTCCCCTGTTTGTTTGAGCCGTTCTTATTACCGCAGTTCTTCTTCTACTCTCCCTCCCCGTCCTAGCAGCAGGCATCACTATGCTCCTCACAGATCGAAACCTGAACACAACCTTCTTTGACCCAGCCGGCGGAGGGGATCCAATTCTTTATCAACAC
Alepisaurus ferox	KY984978	Alepisaurus ferox cytochrome oxidase subunit I (COI) gene, partial cds; mitochondrial	88653	Eukaryota	Chordata	Actinopteri	Aulopiformes	Alepisauridae	Alepisaurus	Alepisaurus ferox	CATCCAGCCACAAAGACATTGGCACCCTCTATCTAGTATTTGGTGCCTGAGCCGGAATAGTAGGCACAGCCTTAAGTCTCCTCATCCGAGCCGAGCTAAGCCAACCCGGAGCCCTCCTGGGAGATGACCAAATCTATAACGTAATCGTAACCGCCCACGCCTTCGTAATAATCTTCTTCATAGTAATGCCCGTTATAATCGGCGGGTTCGGAAACTGACTTATCCCCTTGATAATTGGGGCCCCTGACATAGCCTTTCCGCGAATGAACAACATGAGCTTCTGGCTACTTCCTCCATCCTTCCTCCTCCTCCTCTCCTCTTCAGCTGTTGAAGCTGGGGCCGGAACAGGGTGAACAGTCTACCCTCCTCTAGCTAGCAACTTAGCCCACGCCGGAGCCTCCGTCGACCTGACCATCTTCTCTCTCCATTTGGCGGGTATTTCTTCTATCCTGGGGGCTATTAACTTCATCACAACAATTATTAACATGAAACCCCCGGCCATCACCCAATACCAAACTCCCCTGTTTGTTTGAGCCGTTCTAATTACCGCAGTCCTTCTCCTACTCTCCCTCCCCGTCCTAGCGGCAGGCATCACTATGCTCCTTACAGATCGAAACCTAAACACAACCTTCTTTGACCCAGCCGGCGGGGGGGATCCAATTCTTTACCAACACCTCTTCTGATTCTTTGGCA
Alepisaurus ferox	LC021097	Alepisaurus ferox mitochondrial gene for 12S rRNA, partial sequence, specimen_voucher: CBM:ZF:10875	88653	Eukaryota	Chordata	Actinopteri	Aulopiformes	Alepisauridae	Alepisaurus	Alepisaurus ferox	CACCGCGGTTATACGAGGGGCCCAAGCTGACAGACGTCGGCGTAAAGAGTGGTTACGGAACGACCTAAACTAAAGTTAAACACCCCCCAAACTGTTATACGCGCCCGGGGGCCGGATACTCCACCACGAAAGTGACTTTAATTTTCCTGAACCCACCACAGCTATGGAC
Alepisaurus ferox	LC091793	Alepisaurus ferox mitochondrial gene for 12S rRNA, partial sequence, specimen_voucher: HUMZ:221156	88653	Eukaryota	Chordata	Actinopteri	Aulopiformes	Alepisauridae	Alepisaurus	Alepisaurus ferox	CACCGCGGTTATACGAGGGGCCCAAGCTGACAGACGTCGGCGTAAAGAGTGGTTACGGAACGACCTAAACTAAAGTTAAACACCCCCCAAACTGTTATACGCGCCCGGGGGCCGGATACTCCGCCACGAAAGTGACTTTAATTTTCCTGAACCCACCACAGCTATGGTC
Alepisaurus ferox	LC091794	Alepisaurus ferox mitochondrial gene for 12S rRNA, partial sequence, specimen_voucher: UW:117706	88653	Eukaryota	Chordata	Actinopteri	Aulopiformes	Alepisauridae	Alepisaurus	Alepisaurus ferox	CACCGCGGTTATACGAGGGGCCCAAGCTGACAGACGTCGGCGTAAAGAGTGGTTACGGAACGACCTAAACTAAAGTTAAACACCCCCCAAACTGTTATACGCGCCCGGGGGCCGGATACTCCGCCACGAAAGTGACTTTAATTTTCCTGAACCCACCACAGCTATGGAC
Alepisaurus ferox	LC091795	Alepisaurus ferox mitochondrial gene for 12S rRNA, partial sequence, specimen_voucher: UW:113571	88653	Eukaryota	Chordata	Actinopteri	Aulopiformes	Alepisauridae	Alepisaurus	Alepisaurus ferox	CACCGCGGTTATACGAGGGGCCCAAGCTGACAGACGTCGGCGTAAAGAGTGGTTACGGAACGACCTAAACTAAAGTTAAACACCCCCCAAACTGTTATACGCGCCCGGGGGCCGGATACTCCGCCACGAAAGTGACTTTAATTTTCCTGAACCCACCACAGCTATGGAC
Alepisaurus ferox	MF041287	Alepisaurus ferox voucher DPND 1648 cytochrome oxidase subunit 1 (COI) gene, partial cds; mitochondrial	88653	Eukaryota	Chordata	Actinopteri	Aulopiformes	Alepisauridae	Alepisaurus	Alepisaurus ferox	CCTCTATCTACTATTTGGTGCCTGAGCCGGAATAGTAGGCACAGCCTTAAGTCTCCTTATCCGAGCCGAGCTAAGCCAACCCGGAGCCCTCCTGGGAGATGACCAAATCTATAACGTAATCGTAACCGCCCACGCCTTCGTAATAATCTTCTTCATAGTAATGCCCGTTATAATCGGCGGGTTCGGAAACTGACTTATCCCCTTGATAATCGGGGCCCCTGACATAGCCTTTCCGCGAATGAACAACATGAGCTTCTGGCTACTTCCTCCATCCTTCCTCCTCCTCCTCTCCTCTTCAGCTGTTGAAGCTGGGGCCGGAACAGGGTGAACAGTCTACCCTCCTCTAGCTAGCAACTTAGCCCACGCCGGAGCCTCAGTCGACCTGACCATCTTCTCTCTCCATCTGGCGGGTATTTCTTCTATCCTGGGGGCTATTAACTTCATCACAACAATTATTAACATGAAACCCCCAGCCATCACCCAATACCAAACTCCCCTGTTTGTTTGAGCCGTTCTAATTACCGCAGTCCTTCTCCTACTCTCCCTCCCCGTCCTAGCGGCAGGCATCACTATGCTCCTTACAGATCGAAACCTAAACACAACCTTCTTTGACCCAGCCGGCGGGGGGGATCCAATTCTTTACCAACACCTC
Alepisaurus ferox	MF041536	Alepisaurus ferox voucher DPND 1921 cytochrome oxidase subunit 1 (COI) gene, partial cds; mitochondrial|KY033541.1 Alepisaurus ferox voucher 07-501 cytochrome oxidase subunit 1 (COI) gene, partial cds; mitochondrial	88653	Eukaryota	Chordata	Actinopteri	Aulopiformes	Alepisauridae	Alepisaurus	Alepisaurus ferox	CCTCTATCTACTATTTGGTGCCTGAGCCGGAATAGTAGGCACAGCCTTAAGTCTCCTTATCCGAGCCGAGCTAAGCCAACCCGGAGCCCTCCTGGGAGATGACCAAATCTATAACGTAATCGTAACCGCCCACGCCTTCGTAATAATCTTCTTCATAGTAATGCCCGTTATAATCGGCGGGTTCGGAAACTGACTTATCCCCTTGATAATCGGGGCCCCTGACATAGCCTTTCCGCGAATGAACAACATGAGCTTCTGGCTACTTCCTCCATCCTTCCTCCTCCTCCTCTCCTCTTCAGCTGTTGAAGCTGGGGCCGGAACAGGGTGAACAGTCTACCCTCCTCTAGCTAGCAACTTAGCCCACGCCGGAGCCTCAGTCGACCTGACCATCTTCTCTCTCCATCTGGCGGGTATTTCTTCTATCCTGGGGGCTATTAACTTCATCACAACAATTATTAACATGAAACCCCCGGCCATCACCCAATACCAAACTCCCCTGTTTGTTTGAGCCGTTCTAATTACCGCAGTCCTTCTCCTACTCTCCCTCCCCGTCCTAGCGGCAGGCATCACTATGCTCCTTACAGATCGAAACCTAAACACAACCTTCTTTGACCCAGCCGGCGGGGGGGATCCAATTCTTTACCAACACCTC
Alepisaurus ferox	MF041541	Alepisaurus ferox voucher DPND 1697 cytochrome oxidase subunit 1 (COI) gene, partial cds; mitochondrial	88653	Eukaryota	Chordata	Actinopteri	Aulopiformes	Alepisauridae	Alepisaurus	Alepisaurus ferox	CCTCTATCTACTATTTGGTGCCTGAGCCGGAATAGTAGGCACAGCCTTAAGTCTCCTTATCCGAGCCGAGCTAAGCCAACCCGGAGCCCTCCTGGGAGATGACCAAATCTATAACGTAATCGTAACCGCCCACGCCTTCGTAATAATCTTCTTCATAGTAATGCCCGTTATAATCGGCGGGTTCGGAAACTGACTTATCCCCTTGATAATCGGGGCCCCTGACATAGCCTTTCCGCGAATGAACAACATGAGCTTCTGGCTACTTCCTCCATCCTTCCTCCTCCTCCTCTCCTCTTCAGCTGTTGAAGCTGGGGCCGGAACAGGGTGAACAGTCTACCCTCCTCTAGCTAGCAACTTAGCCCACGCCGGAGCCTCGGTCGACCTGACCATCTTCTCTCTCCATCTGGCGGGTATTTCTTCTATCCTGGGGGCTATTAATTTCATCACAACAATTATTAACATGAAACCCCCGGCCATCACCCAATACCAAACTCCCCTGTTTGTTTGAGCCGTTCTAATTACCGCAGTCCTTCTCCTACTCTCCCTCCCCGTCCTAGCGGCAGGCATCACTATGCTCCTTACAGATCGAAACCTAAACACAACCTTCTTTGACCCAGCCGGCGGGGGGGATCCAATTCTTTACCAACACCTC
Alepisaurus ferox	MF041680	Alepisaurus ferox voucher DPND 1995 cytochrome oxidase subunit 1 (COI) gene, partial cds; mitochondrial	88653	Eukaryota	Chordata	Actinopteri	Aulopiformes	Alepisauridae	Alepisaurus	Alepisaurus ferox	CCTCTATCTACTATTTGGTGCCTGAGCCGGAATAGTAGGCACAGCCTTAAGTCTCCTTATCCGAGCCGAGCTAAGCCAACCCGGAGCCCTCCTGGGAGATGACCAAATCTATAACGTAATCGTAACCGCCCACGCCTTCGTAATAATCTTCTTCATAGTAATGCCCGTTATAATCGGCGGGTTCGGAAACTGACTTATCCCCTTGATAATCGGGGCCCCTGACATAGCCTTTCCGCGAATGAACAACATGAGCTTCTGGCTACTTCCTCCATCCTTCCTCCTCCTCCTCTCCTCTTCAGCTGTTGAAGCTGGGGCCGGAACAGGGTGAACAGTCTACCCTCCTCTAGCTAGCAACTTAGCCCACGCCGGAGCCTCGGTCGACCTGACCATCTTCTCTCTCCATCTGGCGGGTATTTCTTCTATCCTGGGGGCTATTAACTTCATCACAACAATTATTAACATGAAACCCCCGGCCATCACCCAATACCAAACTCCCCTGTTTGTTTGAGCCGTTCTAATTACCGCAGTCCTTCTCCTACTCTCCCTCCCCGTCCTAGCGGCAGGCATCACTATACTCCTTACAGATCGAAACCTAAACACAACCTTCTTTGACCCAGCCGGCGGGGGGGATCCAATTCTTTACCAACACCTC
Alepisaurus ferox	MG856414	Alepisaurus ferox voucher DPND 4346 cytochrome oxidase subunit 1 (COI) gene, partial cds; mitochondrial	88653	Eukaryota	Chordata	Actinopteri	Aulopiformes	Alepisauridae	Alepisaurus	Alepisaurus ferox	CCTCTATCTACTATTTGGTGCCTGAGCCGGAATAGTAGGCACAGCCTTAAGTCTCCTTATCCGAGCCGAGCTAAGCCAACCCGGAGCCCTCCTGGGAGATGACCAAATCTATAACGTAATCGTAACCGCCCACGCCTTCGTAATAATCTTCTTCATAGTAATGCCCGTTATAATCGGCGGGTTCGGAAACTGACTTATCCCCTTGATAATCGGGGCCCCTGACATAGCCTTTCCGCGAATGAACAACATGAGCTTCTGGCTACTTCCTCCATCCTTCCTCCTCCTCCTCTCCTCTTCAGCTGTTGAAGCTGGGGCCGGAACAGGGTGAACAGTCTACCCTCCTCTAGCTAGCAACTTAGCCCACGCCGGAGCCTCGGTCGACCTGACCATCTTCTCTCTCCATCTGGCGGGTATTTCTTCTATCCTGGGGGCTATTAACTTCATCACAACAATTATTAACATGAAACCCCCGGCCATCACCCAATACCAAACTCCCCTGTTTGTTTGAGCCGTTCTAATTACCGCAGTCCTTCTCCTACTCTCCCTCCCCGTCCTAGCGGCAGGCATCACTATGCTCCTTACAGATCGAAACCTAAACACAACCTTCTTTGACCCAGCCGGCGGGGGGGATCCAATTCTTTACCAACACCTC
Alepisaurus ferox	MG856510	Alepisaurus ferox voucher DPND 4725 cytochrome oxidase subunit 1 (COI) gene, partial cds; mitochondrial	88653	Eukaryota	Chordata	Actinopteri	Aulopiformes	Alepisauridae	Alepisaurus	Alepisaurus ferox	CCTCTATCTACTATTTGGTGCCTGAGCCGGAATAGTAGGCACAGCCTTAAGTCTCCTTATCCGAGCCGAGCTAAGCCAACCCGGAGCCCTCCTGGGAGATGACCAAATCTATAACGTAATCGTAACCGCCCACGCCTTCGTAATAATCTTCTTCATAGTAATACCCGTTATAATCGGCGGGTTCGGAAACTGACTTATCCCCTTGATAATCGGGGCCCCTGACATAGCCTTTCCGCGAATGAACAACATGAGCTTCTGGCTACTTCCTCCATCCTTCCTCCTCCTCCTCTCCTCTTCAGCTGTTGAAGCTGGGGCCGGAACAGGGTGAACAGTCTACCCTCCTCTAGCTAGCAACTTAGCCCACGCCGGAGCCTCGGTCGACCTGACCATCTTCTCTCTCCATCTGGCGGGTATTTCTTCTATCCTGGGGGCTATTAACTTCATCACAACAATTATTAACATGAAACCCCCGGCCATCACCCAATACCAAACTCCCCTGTTTGTTTGAGCCGTTCTAATTACCGCAGTCCTTCTCCTACTCTCCCTCCCCGTCCTAGCGGCAGGCATCACTATGCTCCTTACAGATCGAAACCTAAACACAACCTTCTTTGACCCAGCCGGCGGGGGGGATCCAATTCTTTACCAACACCTC
Alepisaurus ferox	MG856580	Alepisaurus ferox voucher DPND 4434 cytochrome oxidase subunit 1 (COI) gene, partial cds; mitochondrial	88653	Eukaryota	Chordata	Actinopteri	Aulopiformes	Alepisauridae	Alepisaurus	Alepisaurus ferox	CCTCTATCTACTATTTGGTGCCTGAGCCGGAATAGTAGGCACAGCCTTAAGTCTCCTTATCCGAGCCGAGCTAAGCCAACCCGGAGCCCTCCTGGGAGATGACCAAATCTATAACGTAATCGTAACCGCCCACGCCTTCGTAATAATCTTCTTCATAGTAATGCCCGTTATAATCGGCGGGTTCGGAAACTGACTTATCCCCTTGATAATCGGGGCCCCTGACATAGCCTTTCCGCGAATGAACAACATGAGCTTCTGGCTACTTCCTCCATCCTTCCTCCTCCTCCTCTCCTCTTCAGCTGTTGAAGCTGGGGCCGGAACAGGGTGAACAGTCTACCCTCCTCTAGCTAGCAACTTAGCCCACGCCGGAGCCTCGGTCGACCTGACCATCTTCTCTCTCCATCTGGCGGGTATTTCTTCTATCCTGGGGGCTATTAACTTCATCACAACAATTATTAACATGAAACCCCCGGCCATCACCCAATACCAAACTCCCCTGTTTGTTTGAGCCGTTCTAATTACCGCAGTCCTTCTCCTACTCTCCCTCCCCGTCCTAGCGGCAGGCATCACTATGCTCCTTACAGATCGAAACCTAAACACAACCTTCTTTGACCCAGCCGGCGGGGGGGATCCAATTCTTTACCAACACCTC
Alepisaurus ferox	MG856694	Alepisaurus ferox voucher DPND 4752 cytochrome oxidase subunit 1 (COI) gene, partial cds; mitochondrial	88653	Eukaryota	Chordata	Actinopteri	Aulopiformes	Alepisauridae	Alepisaurus	Alepisaurus ferox	CCTCTATCTACTATTTGGTGCCTGAGCCGGAATAGTAGGCACAGCCTTAAGTCTCCTCATCCGAGCCGAGCTAAGCCAACCCGGAGCCCTCCTGGGAGATGACCAAATCTATAACGTAATCGTAACCGCCCACGCCTTCGTAATAATCTTCTTCATAGTAATGCCCGTTATAATCGGCGGGTTCGGAAACTGACTTATCCCCTTGATAATCGGGGCCCCTGACATAGCCTTTCCGCGAATGAACAACATGAGCTTCTGGCTACTTCCTCCATCCTTCCTCCTCCTCCTCTCCTCTTCAGCTGTTGAAGCTGGGGCCGGAACAGGGTGAACAGTCTACCCTCCTCTAGCTAGCAATTTAGCCCACGCCGGAGCCTCGGTCGACCTGACCATCTTCTCTCTCCATCTGGCGGGTATTTCTTCTATCCTGGGGGCTATTAACTTCATCACAACAATTATTAACATGAAACCCCCGGCCATCACCCAATACCAAACTCCCCTGTTTGTTTGAGCCGTTCTAATTACCGCAGTCCTTCTCCTACTCTCCCTCCCCGTCCTAGCGGCAGGCATCACTATACTCCTTACAGATCGAAACCTAAACACAACCTTCTTTGACCCAGCCGGCGGGGGGGATCCAATTCTTTACCAACACCTC
Alepisaurus ferox	MG856709	Alepisaurus ferox voucher DPND 4433 cytochrome oxidase subunit 1 (COI) gene, partial cds; mitochondrial	88653	Eukaryota	Chordata	Actinopteri	Aulopiformes	Alepisauridae	Alepisaurus	Alepisaurus ferox	CCTCTATCTACTATTTGGTGCCTGAGCCGGAATAGTAGGCACAGCCTTAAGTCTCCTTATCCGAGCCGAGCTAAGCCAACCCGGAGCCCTCCTGGGAGATGACCAAATCTATAACGTAATCGTAACCGCCCACGCCTTCGTAATAATCTTCTTCATAGTAATGCCCGTTATAATCGGCGGGTTCGGAAACTGACTTATCCCCTTGATAATCGGGGCCCCTGACATAGCCTTTCCGCGAATGAACAACATGAGCTTCTGGCTGCTTCCTCCATCCTTCCTCCTCCTCCTCTCCTCTTCAGCTGTTGAAGCTGGGGCCGGAACAGGGTGAACAGTCTACCCTCCTCTAGCTAGCAACTTAGCCCACGCCGGAGCCTCGGTCGACCTGACCATCTTCTCTCTCCATCTGGCGGGTATTTCTTCTATCCTGGGGGCTATTAACTTCATCACAACAATTATTAACATGAAACCCCCGGCCATCACCCAATACCAAACTCCCCTGTTTGTTTGAGCCGTTCTAATTACCGCAGTCCTTCTCCTACTCTCACTCCCCGTCCTAGCGGCAGGCATCACTATGCTCCTTACAGATCGAAACCTAAACACAACCTTCTTTGACCCAGCCGGCGGGGGGGATCCAATTCTTTACCAACACCTC
Alepisaurus ferox	MG856760	Alepisaurus ferox voucher DPND 2701 cytochrome oxidase subunit 1 (COI) gene, partial cds; mitochondrial	88653	Eukaryota	Chordata	Actinopteri	Aulopiformes	Alepisauridae	Alepisaurus	Alepisaurus ferox	CCTCTATCTACTATTTGGTGCCTGAGCCGGAATAGTAGGCACAGCCTTAAGTCTCCTGATCCGAGCCGAGCTAAGCCAACCCGGAGCCCTCCTGGGAGATGACCAAATCTATAACGTAATCGTAACCGCCCACGCCTTCGTAATAATCTTCTTCATAGTAATGCCCGTTATAATCGGCGGGTTCGGAAACTGACTTATCCCCTTGATAATCGGGGCCCCTGACATAGCCTTTCCGCGAATGAACAACATGAGCTTCTGGCTACTTCCTCCATCCTTCCTCCTCCTCCTCTCCTCTTCAGCTGTTGAAGCTGGGGCCGGAACAGGGTGAACAGTCTACCCTCCTCTAGCCAGCAACTTAGCCCACGCCGGAGCCTCGGTCGACCTGACCATCTTCTCTCTCCATCTGGCGGGTATTTCTTCTATCCTGGGGGCTATTAACTTCATCACAACAATTATTAACATGAAACCCCCGGCCATCACCCAATACCAAACTCCCCTGTTTGTTTGAGCCGTTCTAATTACCGCAGTCCTTCTCCTACTCTCCCTCCCCGTCCTAGCGGCAGGCATCACTATGCTCCTTACAGATCGAAACCTAAACACAACCTTCTTTGACCCAGCCGGCGGGGGGGATCCAATTCTTTACCAACACCTC
Alepisaurus ferox	MG856786	Alepisaurus ferox voucher DPND 4625 cytochrome oxidase subunit 1 (COI) gene, partial cds; mitochondrial	88653	Eukaryota	Chordata	Actinopteri	Aulopiformes	Alepisauridae	Alepisaurus	Alepisaurus ferox	CCTCTATCTACTATTTGGTGCCTGAGCCGGAATAGTAGGCACAGCCTTAAGTCTCCTTATCCGAGCCGAGCTAAGCCAACCCGGAGCCCTCCTGGGAGATGACCAAATCTATAACGTAATCGTAACCGCCCACGCCTTCGTAATAATCTTCTTCATAGTAATGCCCGTTATAATCGGCGGGTTCGGAAACTGACTTATCCCCTTGATAATCGGGGCCCCTGACATAGCCTTTCCGCGAATGAACAACATGAGCTTCTGGCTACTTCCTCCATCCTTCCTCCTCCTCCTCTCCTCTTCAGCTGTTGAAGCTGGGGCCGGAACAGGGTGAACAGTCTACCCTCCTCTAGCTAGCAACTTAGCCCACGCCGGAGCCTCGGTCGACCTGACCATCTTCTCTCTCCATCTGGCGGGTATTTCTTCTATCCTGGGGGCTATTAACTTCATCACAACAATTATTAACATGAAACCCCCGGCCATCACCCAATACCAAACTCCCCTGTTTGTTTGAGCCGTTCTAATTACCGCAGTCCTTCTCCTACTCTCCCTCCCCGTCCTAGCGGCAGGCATCACTATGCTCCTTACAGATCGAAACCTAAACACAACCTTCTTTGACCCAGCCGGCGGGGGGGATCCAATTCTTTACCAACACCTC
Alepisaurus ferox	MG856860	Alepisaurus ferox voucher DPND 2744 cytochrome oxidase subunit 1 (COI) gene, partial cds; mitochondrial	88653	Eukaryota	Chordata	Actinopteri	Aulopiformes	Alepisauridae	Alepisaurus	Alepisaurus ferox	CCTCTATCTACTATTTGGTGCCTGAGCCGGAATAGTAGGCACAGCCTTAAGTCTCCTTATCCGAGCCGAGCTAAGCCAACCCGGAGCCCTCCTGGGAGATGACCAAATCTATAACGTAATCGTAACCGCCCACGCCTTCGTAATAATCTTCTTCATAGTAATGCCCGTTATAATCGGCGGGTTCGGAAACTGACTTATCCCCTTGATAATCGGGGCCCCTGACATAGCCTTTCCGCGAATGAACAACATGAGCTTCTGGCTACTTCCTCCATCCTTCCTCCTCCTCCTCTCCTCTTCAGCTGTTGAAGCTGGGGCCGGAACAGGGTGAACAGTCTACCCTCCTCTAGCTAGCAACTTAGCCCACGCCGGAGCCTCAGTCGACCTAACCATCTTCTCTCTCCATCTGGCGGGTATTTCTTCTATCCTGGGGGCTATTAACTTCATCACAACAATTATTAACATGAAACCCCCGGCCATCACCCAATACCAAACTCCCCTGTTTGTTTGAGCCGTTCTAATTACCGCAGTCCTTCTCCTACTCTCCCTCCCCGTCCTAGCGGCAGGCATCACTATGCTCCTTACAGATCGAAACCTAAACACAACCTTCTTTGACCCAGCCGGCGGGGGGGATCCAATTCTTTACCAACACCTC
Anotopterus pharao	AP004207	Anotopterus pharao mitochondrial DNA, almost complete genome	172142	Eukaryota	Chordata	Actinopteri	Aulopiformes	Alepisauridae	Anotopterus	Anotopterus pharao	GCCTATGTAGTTTAATTAAAATTTAACACTGAAGATGTTAAGAAAGACCCTAAAAAGTCTCGTAAGCATAAAAGCTTGGTCCTGGCTTTACTGTCATCTTTAACTAAACTTACACATGCAAGTCTCCGCACCCCTGTGAGGATGCCCTCAGTTTCCTGATCGGAAACAAGGAGCTGGTATCAGGCACACCTTTATCCGTAGCCCACAACACCTTGCTCAGCCACACCCCTAAGGGAATTCAGCAGTGATAAATATTAAGCAATAAGTGAAAACTTGACTTAGTTAAAGTTATTTTTAGGGTCGGTAAACCTCGTGCCAGCCACCGCGGTTATACGAGGGACCCAAGCTGACAGATATCGGCGTAAAGAGTGGTTACGGAAAATTATTACTAAAGTTAAACACCCCTTAAGCTGTTATACGCATAGAGAGGCAGGATACCCAACCACGAAAGTGACTTTAATATGCCCGAACCCACCTAAGCTATGAAACAAACTGGGATTAGATACCCCACTATGCATAGCCGTAAACTTTGATAGTATTATACATCCACTATCCGCCCGGGAACTACGAGCGCCAGCTTCAAACCCAAAGGACTTGGCGGTGCTTCAGACCCACCTAGAGGAGCCTGTTCTAGAACCGATAATCCCCGTTCAACCTCACCACCCCTGGCCAATCCCGCCTATATACCACCGTCGTCAGCTTACCCTTTGAAGGCTTAATAGTAAGCAAAATAGGCACTGCCCTAAACGTCAGGTCGAGGTGTAGCGCATGAGGTGGGAAGAAATGGGCTACATTCTCTATGATAGAGAACACGGAAGGTATAATGAAATAAATACCCGAAGGCGGATTTAGCAGTAAGAAGAAAAAATGAGCGTTCTTCTGAAGCTGGCTCTGAAGCGCGCACACACCGCCCGTCACTCTCCCCTAAAACATATACACTTAGTACATAAAAACTTTTTTTAAAAAGGGGAGGCAAGTCGTAACATGGTAAGTGTACCGGAAGGTGTACTTGGATAAATCAGAGTGTAGCTAAAATAGTTAAAGCATCTCCCTTACACTGAGAAGTCGCCCGTGCAACTCGAGCCGCCCTGAACCCAACAGCTAGCTCAACTAATTAAAATAAATACCCCTATATTATATAGCTTTATTCTTATAAATAGATTAAACAAACCATTTTTCCTCCTTAGTACGGGCGACCGAAAAGGAAAATAGAAGCAACAGATAAAGTACCGCAAGGGAAAGCTGAAAAAGAAATGAAATAACCCCTTAAAGCCCAAAAAAGCAGAGATTAATTCTCGTACCTTTTGCATCATGATTAAGCCAGTATATTAAAGCAAAGTGATCTTTAGTTTTTTACCCCGAAACTAGACGAGCTACTCCGAGGCAGCCTATTATAGGGCCAACCCGTCTCTGTGGCAAAAGAGTGGGAAGAACTCCGAGTAGAGGTGACAGACCTACCGAGCCTAGTTATAGCTGGTTGCCTAGGAAGTGAATAGAAGTTCAGCCCTCCGGCCCACCCCGCCCCGACTGCAATAAGCACACTCGGCCCCGGGTTAAACGGAGGCGTTAGTCAAAGAAGGTTCAGCTTCTTTGAACAAAGATACAACTTTTTTAGGTGGCTAAAGATCATAATTTTACAAGGAGTAATTGTTCTAGTGGGCCTAAAGGCAGCCATCTAAACAAAAAGCGTTAAAGCTTATACAAACACATCAACCCTTTAATTATGATAATATAATCTTATACCCCTAAAATTACTAGGCCATTTCATACCCCTATGAAAGAGACCCTGCTTAAATGAGTAATAAGAGGGGAAGACCCTCTCCTAGCACATGTGTAAATCGAATTGGACACCCCACCGATATTTAACGGCCCCAGTAAAATGAGGGTATTGAAACTTAACACCAGTCCTTAAACTAGAAAAACATTCAATATAAATCCGTTAACCCCACACAGGAGTGCTACCTAGGAAAGACTAAAAGATAAGGAAGGAACTCGGCAAACACAAGCCTCGCCTGTTTACCAAAAACATCGCCTCTTGCAAGCAAAAGAATAAGAGGTCCCGCCTGCCCTGTGACCCACAGAGTTTAACGGCCGCGGTATTTTGACCGTGCGAAGGTAGCGCAATCACTTGTCCTTTAAATGAGGACCTGTATGAATGGCATAACGAGGGCTTAGCTGTCTCCCCTGTCTAGTCAATGAAATTGATCTCCCCGTGCAGAAGCGGGGATGGCACCATAAGACGAGAAGACCCTATGGAGCTTTAGATAATCAAACGACCCATTTAGAACAGCTATAATTAAATAAGCTGAGCCCCCTTAATGGCTCCCCGTTTTATGTCTTTGGTTGGGGCGACCGTGGGGAAAAGAAAATCCCCCATGAGGAACAAAAACCACCCCTTTTAAAGCCAAGAGCCTACCACTCAAAGCATCAGAATTTCTGACCCCAATGATCCGGCTCAACAGCCGATCAACGAACCGAGTTACCCTAGGGATAACAGCGCAATCCCCTCTCAGAGTCCATATCGACGAGGGGGTTTACGACCTCGATGTTGGATCAGGACATCCTAATGGTGCAGCCGCTATTAAGGGTTCGTTTGTTCAACGATTAATAGTCCTACGTGATCTGAGTTCAGACCGGAGTAATCCAGGTCAGTTTCTATCTATGACTTGCTCTTTTCTAGTACGAAAGGACCGAGAAGAAAGGGCCCATTTCACCGATACGCCCTACCCCCACCTGAAGAAATCAACTAAAACGAGCAAGAGGGCAAACCTAAGCTTATTTACATTAAAGATTATAATGCGTCGGCGTGGCAGAGCTCGGTTATTGCTAAAGATCTAAATCCTTTTTACGGAGGTTCAAACCCTCCCGCCGACTGTGATTAACTGCATGGTATTAATAAATCCGCCTTCTTCACCTTTCCAATCCCTAGTTATTAGTCTCCCTTCAGGACTTGTTATCATAATACTATCGACCATGTGTTTATCCTTAATCTTCATTCCAAACACTTTAAAATGAGCTAAAAAGTTTTACAATTATTATAAAATAGAAAATAAATCATTTTATATAGTTCCCAATAATAATCCCCCGGACCCTCAAAATCCACAAAATCCACTTAACCCCAATCAGCTCAATCCACCTAATCCACCAAACCCGCCCAATCCACCCAATCCGCCTAATGACCCCGCAGCACAAGGACCGCCCGTAGTAAATGTTATTCCACCACAATGACACCCCCTTCGCCGCCAAGGAAGGAAGCCTACGTAATAAATAATCGTAAATCTACATTAATAAATCAGAGTAACAAAGTAAGCCCCGTCTGGACCATCGCCCTAATTAGAAAATTATCCTTCTCTCTGATTATGTTTACACTTCTTCTTATTTATATTATTAATCCCCTCGCCTATATTGTACCAGTTCTTTTAGCAGTCGCTTTCCTTACTCTTCTAGAACGGAAAGTTCTTGGCTACATACAACTCCGTAAAGGCCCCAATATTGTAGGCCCCTACGGTCTTCTTCAACCTATCGCCGATGGTGTTAAACTATTTATTAAAGAGCCTATCCGCCCCTCTACATCTTCCCCCTTTCTATTTCTAGCTACCCCTATATTAGCCTTAACACTAGCACTCACTTTATGAGCCCCCATACCAATTCCATACCCTGTTACAGATCTTAACTTAGGCATCCTCTTTGTTCTTGCCCTCTCCAGCTTAGCAGTTTACTCTATTTTAGGCTCAGGTTGGGCATCAAACTCTAAATACGCCCTAATCGGGGCTCTACGGGCCGTAGCCCAAACAATTTCATATGAAGTAAGCCTAGGCCTAATTCTTCTTAGCATTATCCTCCTTGCAGGAGGATTCACCCTTCAAACTTTTAATATCGCCCAAGAAAGCATTTGATTATTAGCCCCAGCCTGACCTTTAGCCGCTATATGGTATATCTCCACACTTGCTGAAACAAACCGGGCCCCTTTTGACCTTACTGAAGGTGAATCAGAACTTGTCTCAGGCTTTAATGTTGAATATGCAGGAGGCCCATTTGCCTTATTTTTCCTAGCAGAATATGCCAACATCCTTCTCATAAATACCCTCTCCACTATTCTATTCCTTGGAGCCTCACATATGCCTGCCTTTCCTGAACTTACAGCTATTAATTTAATAACAAAAGCTGCCCTCCTCTCCATTATATTCCTTTGAGTACGAGCCTCTTACCCACGTTTTCGATATGATCAACTTATGCACTTAGTCTGAAAAAATTTTTTGCCTATTACCCTTGCTCTTGTGATCTGACACCTTGCCCTCCCAATCGCCCTTGCAAGTCTCCCACCCCAACTTTAGTAACCCGGAACCGTGCCCGAATGTTAAGGACCACTTTGATAGAGTGATAAATGGAGGTTCAAGTCCTCCCGATTCCTTAGAAAATAGGGGCTCGAACCCAAACTTAAGAGATCAAAACTCTTGGTGCTTCCACTACACCACTTTCTAGCAAGATAAGCTAAATAAGCTTTTGGGTTCATACCCCAACAATATCGGTTAAAATCCTTTTCCTGCTAATGAGCCCATATATTTTGTGTACCCTTCTCTTTAGCCTTGGATTGGGAACAACAATCACATTCGCCAGCTCTCATTGGCTCCTTGCTTGGATAGGGCTTGAAATTAATACCTTAGCCATTATTCCCCTTATAACTCAACACCATCACCCTCGAGCAGTAGAAGCTGCTACCAAATATTTCCTAACACAAGCAACAGCAGCCGCTTTAATTTTATTTGCAAGCACCACTAACGCCTGACTTACAGGAGAATGAGATATTCAACAGCTATCACACCCATTAGCTAGCACTTTAGTTATTCTTGCCTTAGCCTTAAAAATCGGTCTAGCACCAGTCCACTTCTGACTCCCTGAAGTACTCCAAGGGTTAGATCTAACTACAGGTCTTATCCTCTCCACCTGACAAAAGCTCGCACCCTTCGCATTAATTCTTCAACTATCCTCTACAAACCCCATCCTTTTAACCTCTTTAGGCCTTCTATCCACTCTTGTAGGGGGATGAGGAGGTCTTAACCAAACCCAATTACGTAAAATCCTTGCCTATTCATCCATTGCACACCTTGGATGAATAATTCTTATTCTACAATTCGCACCCTCCCTAACTCTCCTCTCTCTTATATTATATATTATTATAACATCTGCAATGTTTCTTACCCTTAAAATAAACAACGCCACAAATATTAATATATTAGCAACAGCATGATCTAAAGCCCCTATTATTATAGCTCTTATCCCCCTCTCCCTCCTCTCCCTTGGGGGCCTACCACCACTTACAGGATTTATACCTAAATGACTTATTTTACAAGAATTAACGAAACAAGGACTCCCCCTCACCGCTACTATTGCGGCCCTTTCCGCCCTCCTAAGTTTATATTTTTATCTCCGACTATGCTACGCAATAACTTTAACAATTTCACCAAACACACTTACCTCCCCTGCCCCCTGACGACTTCCAACTCTTCAACTTACCCTCCCCCTCTCCTTGCTAATAATAATAGCTATTATACTTCTTCCACTAACCCCCACAATTCTAACCCTTCTCAACCTATAGTTAGGGACTTAGGCTAAAATAAGACCAAGGGCCTTCAAAGCCCTAAGCGAGAGTGAAAACCTCCCAGTCCCTATAAGACCTGCAGGATTCTATCCCACATCTTCTGCATGCAAAGCAGACACTTTGATTAAGCTAAAGCCTTTCTAGAAAGGAAGGCCTCGATCCTACAAAAACTTAGTTAACAGCTAAGCGCCCTAACCAGCGAGCATCTTTCTACTTTCCCCCGCTGTATAGCGGGCAAAGCGGGGGAAAGCCCCGTCAGGCTTCTAGCCTGCTCCTTCAGATTTGCAATCTGACGTTTCCGCAACTGCAGGGCTTGATACGGAGAGGATTTAAACCTCTGTTTGTGGAGCTACAATCCACCGCTTAATCTCTCAGCCACCCTACCTGTGACAATCACGCGCTGACTTTTCTCAACAAACCACAAAGATATCGGCACCCTGTATCTTCTATTCGGTGCCTGAGCTGGAATAGTAGGCACAGCTTTAAGCCTTTTAATCCGGGCAGAACTTAGCCAACCCGGGGCCCTTTTAGGGGATGATCAAATTTATAATGTAATCGTCACTGCCCACGCCTTCGTAATAATCTTCTTTATAGTAATGCCTATTATAATCGGCGGTTTCGGAAATTGATTAGTTCCATTAATAATCGGAGCCCCTGATATAGCCTTCCCCCGAATAAATAATATAAGCTTCTGACTACTCCCCCCATCTTTTCTTCTTTTATTATCCTCCTCAGCAGTAGAAGCAGGGGCCGGCACGGGTTGAACTGTTTATCCTCCCCTTGCTAGTAACCTAGCACATGCTGGAGCTTCAGTTGACTTAACTATTTTTTCTCTTCACTTGGCAGGAATCTCTTCTATTTTAGGGGCCATTAACTTTATTACAACTATTATCAATATAAAACCTCCAGCTATTACACAGTATCAAACCCCTTTATTCGTCTGATCAGTCTTAATTACTGCAGTACTTCTACTTCTTGCCCTCCCTGTTTTAGCAGCAGGAATTACTATACTCCTGACAGACCGAAATTTAAATACCACCTTTTTTGACCCAGCAGGTGGAGGAGACCCGATTCTTTATCAACACTTATTCTGATTCTTCGGACACCCAGAAGTTTACATTTTAATTCTCCCCGGCTTTGGCATAATCTCACATATCGTCGCCTACTACTCAGGCAAAAAAGAACCCTTTGGGTATATAGGCATGGTTTGAGCAATAATGGCAATTGGCCTTCTTGGCTTCATTGTCTGAGCCCATCATATATTTACAGTTGGTATAGATGTAGACACGCGGGCCTACTTTACATCCGCCACAATAATTATTGCTATCCCCACAGGAGTGAAAGTCTTTAGTTGACTTGCCACCCTGCACGGTGGGACTATTAAATGAGAAACTCCTATATTATGAGCGCTCGGTTTTATTTTCTTATTTACTGTAGGAGGTTTAACAGGAATCGTTTTATCAAATTCATCATTAGATATTGTATTACACGACACATATTATGTTGTAGCACATTTCCATTATGTCCTTTCTATAGGAGCTGTGTTTGCAATTATAGCAGGCTTCGTTCACTGATTCCCCTTATTTTCTGGTTATACCCTCCATAGCGCATGAACTAAAGTGCACTTTGGAGTAATATTTATCGGCGTAAATGTCACTTTTTTCCCGCAGCATTTCCTCGGACTTGCAGGCATGCCCCGACGATACTCAGACTATCCCGACGCCTATACACTATGAAATACAGTCTCCTCAATTGGATCTATAATCTCTCTTGTCGCCGTAATCATATTTTTATTTATTCTTTGAGAGGCCTTCGCTGCCAAACGAGAAGTTGCACACGTGGATATAACATCTACAAATGTAGAATGACTTCATGGCTGCCCACCCCCTTACCACACATTTGAAGAGCCTGCATTTGTTCAAGTAAAATCATACTAAACGAGAAAGGAGGGAATTGAACCCCCATTTAATGGTTTCAAGCCACTCGCATAACCGCTCTGCCACTTTCTTAATGAGACACTAGTAGAACGCGCCTATTACACTGCCTTGTCAAGGCAGAGCTGTGGGTTGAAACCCCACGTGTTTCAAGCACCAAGCTTAATGGCACATCCCTCACAACTCGGATTCCAAGACGCGGCCTCCCCTGTAATAGAAGAACTACTCCACTTCCATGACCACGCTTTAATAATTGTCCTACTTATTAGCACATTTGTTCTTTATATTCTTGTGGCTATAGTTTCCACTACTTTAACAGATAAATATATTTTAGATTCTCAAGAAATTGAAATTATTTGAACCATCCTCCCTGCCGTAATTTTAATTTTAATTGCCCTCCCTTCCTTACGGATTCTTTACCTAATAGACGAAATTAGCGACCCTCACCTTACAATTAAAGCGATAGGCCATCAGTGATACTGAAGCTATGAGTATACAGACTATGAAGACCTTAGCTTCGACGCATATATAATTCCTACACAAGACCTTTTACCAGGACAGTTCCGCCTTCTAGAGGCGGATCACCGGATAGTAATTCCTGTTGAATCTCCTATTCGCATTCTAGTATCAGCCGAAGATGTCCTTCACTCTTGGGCAGTCCCAGCACTAGGAGTTAAAATAGACGCAGTCCCAGGACGTCTAAACCAGACAGCTTTTATTACATCTCGCCCAGGGGTATTTTATGGTCAATGTTCCGAAATCTGCGGAGCAAACCACAGCTTTATACCCATCGTTGTTGAAGCAGTGCCATTAGAGCACTTTGAAACATGATCTTCTTTAATACTTGAAGACGCCTCACTGTGAAGCTAAATTTAGGGATCAGCATTAGCCTTTTAAGCTAAAGAATGGTGGCTCCTAACCACCCCCAGTGACATGCCTCAGTTAAACCCTAGCCCTTGGTTCGCCATCCTGGTATTCTCATGACTTGTTTTCCTAATTGTAATCCCACCAAAAGTCGTAGGACATGTTTTTCCCAACGACCCTGCAGCACAAAATGTAGAAAAACCCGCACACTCCCCTTGATCCTGACCATGATACTAAATTTCTTCGATCAATTTATAAGCCCTTCACTCCTAGGGATCCCCCTTATTGCCCTTGCAATAACGCTCCCATGAATCCTTTTCCCAACCCCCTCCCTACGCTGATATGATAGCCGCCTTTTAGCCCTTCAAAATTGGTTTATAAACCGATTTACTCAACAACTTCTTCTTCCTTTAAACCTCGGAGGACATAAATGAGCAGCCCTACTTACTTCTTTAATACTTTACCTTATAGCATTAAATATACTAGGCCTCCTCCCATATACATATACACCAACAACACAACTCTCTTTAAACCTTGGTTTAGCCGTCCCTCTTTGATTAGCCACTGTTTTAATTGGACTTCGGAATGAACCCACCCACGCCCTAGCCCATCTTCTTCCAGAAGGCACTCCTACCCCCCTGATCCCAATCCTAATTATTATTGAAACAATTAGCCTTTTCATCCGACCATTGGCTCTAGGAGTCCGACTAACAGCTAATTTAACTGCTGGACATCTTCTTATACAACTAATCGCAACAGCCGCTTTCGTTCTTCTCCCTATTATGCCTACAGTTGCCATCCTCACGGGGGTCGTTCTTTTTCTACTAACTCTTTTAGAAATTGCTGTAGCAATAATTCAAGCATACGTATTTGTTCTCCTATTAAGCCTTTATTTACAAGAAAACGTCTAATGGCCCACCAAGCTCACGCATACCACATAGTAGACCCAAGCCCCTGACCACTCACAGGCGCAATCGCCGCCCTCTTAATAACCTCCGGGCTCGCAACTTGATTTCACTATAACTCAACAACTCTTATAACCTTAGGACTTATCCTCCTTTTATTAACAATATATCAATGATGACGAGATATTATCCGAGAGGGGACATTTCAAGGACATCACACACCCCCTGTTCAAAAAGGCCTTCGATACGGTATAGTTCTTTTTATTACCTCTGAAGTCTTCTTCTTCCTTGGGTTTTTCTGAGCCTTTTATCATTCTAGCCTCGCTCCAACACCTGAGCTAGGCGGATGCTGACCACCAACGGGCATCACTGCTCTTGACCCCTTCGAAGTCCCCTTACTTAATACTGCTGTTCTCCTTGCCTCCGGTGTAACTGTTACGTGAGCTCACCACAGTATTATAGAAGGGGAACGGAAACAGGCGATTCAATCACTTACTCTTACTATTATTTTAGGTTTCTACTTCACCTTCCTCCAAGGAATAGAGTATTATGAAGCCCCTTTTACAATCGCTGACGGAGTTTATGGTTCAACATTTTTTGTTGCAACCGGATTTCATGGCCTTCATGTAATTATTGGCTCTATTTTTTTAGCTGTCTGCCTCCTACGACAAATTAAATTTCATTTTACATCAAAACACCATTTCGGATTTGAAGCGGCTGCATGATACTGACACTTCGTAGACGTTGTCTGACTATTCCTCTATATCTCCATCTACTGATGAGGCTCATAATCTTTCTAGTATAAATGTTAGTACCTGTGACTTCCAATCACCCAGACCTGGTTAAAACCCAGGGAAAGATAATGAACCTAGTCTCAACAGTATTGTTAATTGCCCTAACCCTATCTTCTGTACTAGCCTTAATCTCCTTTTGACTCCCCCAGCTTAATCCAGACACCGAAAAACTATCCCCTTATGAGTGCGGATTCGACCCCCTTGGGTCGGCACGCCTCCCATTTTCCTTACGATTTTTTCTAGTTGCTATTCTATTTCTCCTTTTTGACTTAGAGATTGCCCTCCTTCTCCCACTCCCATGGGGCGATCAACTTGCTATCCCCACCTACACATTTTACTGAGCAACAACTGTTTTAACCCTTCTCACCCTTGGATTAGCCTACGAGTGAACACAAGGGGGGTTAGAATGAGCCGAATAGGTAATTAGTCCAAAGAAAGACATTTGATTTCGGCTCAAAAGATCGTGGTTTAATTCCACAATTACCTTATGACCCCCACTCACTTTGCCTTCTCATCAGCTTTTATATTAGGCCTTATAGGGCTCGCATTTCATCGAACCCATTTATTATCCGCACTCCTCTGCCTTGAAGGTATAATACTCTCCCTCTTTATTGCCCTTTCCCTTTGAACCTTGCAGTTAGAAGCAACCGGCTACTCCGTGGCACCAATGCTTTTACTCGCCTTTTCAGCCTGTGAAGCAAGCGCAGGCCTAGCCCTCCTAGTTGCAACCGCACGAACGCATGGTACAGACCACCTTCAAAGCCTAAATCTTTTACAGTGTTAAAAATTCTTCTTCCAACACTCATGCTTTTCCCAACAATTTGATTAGCCCCTAAAAAATGATTGTGAACTATTTCTCTTACACAAAGTCTACTAATCGCTCTTATTAGCCTTTCTTGATTTAAAAACTCATCAGAGACTGGATGAACCTCTATTAATATATATATAGGCACAGACCCTTTATCAACCCCTCTACTCGTACTCACTTGCTGACTTCTACCACTTATAATTCTTGCCAGTCGTAATCATATTTCCCCCGAACCAATTAACCGCCAACGAACATATATTTCTTTATTAACCTCCCTACAAGTTTTCCTAATTATAGCATTCGGAGCTACAGAAATTATTATGTTTTATGTCATATTTGAAGCCACCCTTGTCCCTACATTATTTATTATTACCCGATGAGGTAACCAAGCAGAACGCCTGAACGCAGGAACATACTTCCTATTCTATACACTAGCAGGCTCCCTGCCACTACTAGTAGCCCTCCTTCTCCTCCAAAATGATACGGGCACCCTCTCTATATTAACCCTTCAATATAATAACCCCCTAATATTAAATACCTGAGGAGATAAAATATGATGAGCCGCCTGTTTACTAGCCTTTTTAGTTAAAATACCTTTATATGGGGTCCATCTATGGCTACCTAAAGCACATGTTGAAGCACCCGTCGCCGGATCTATAGTACTTGCTGCAGTTTTATTAAAACTAGGAGGGTACGGAATAATGCGCATAATATTAATCCTCGACCCCCTTTCTAAAGAACTAGCCTACCCATTTATTGTTCTTGCCCTTTGAGGTATTATTATGACCGGCTCTATCTGTTTGCGTCAAACAGACTTAAAATCACTTATCGCCTATTCGTCTGTTAGCCATATAGGTTTAGTTGCAGGAGGAATCTTAATCCAAACACCCTGAGGATTTACAGGCGCTTTAATTTTAATAATTGCTCATGGCCTGGCATCCTCTGCCCTCTTCTGCCTAGCTAATACTAGCTACGAACGAACACACAGCCGAACTATACTACTAGCACGAGGCCTTCAAATGGTACTCCCTTTAATAGCAACCTGATGATTTATTGCCAGCCTAGCTAATCTAGCACTACCCCCCCTCCCCAACTTAATAGGTGAGCTAATAATTATCTCCTCTTTATTTAACTGATCTTACTGATCTATTATTTTAACAGGAACTGGCACCTTAATCACCGCAAGTTATTCTCTATATCTATTCCTAATAACTCAACGAGGCCCAATACCTCTACATATGCTTGCCTTAGACCCCTCTCACACTCGCGAACACTTACTTATTACCCTTCACCTTTTCCCCCTTGTCCTTTTAATCTTAAAACCAGAGTTAATTTGAGGCTGATGCTTTTGTAGATATAGTTTAATAAAAACATTAGATTGTGATTCTAAAAATAAGGGTTAAAATCCCCTTATCCACCGAGAGAGGCCCGACGGCAATAATGATTGCTAATCCTTTATTCCCGCGGTTAAACCCCACGGCTCACTCGAGCTTCTAAAGGATAACAGCTCATCCGTTGGTCTTAGGAACCAAAGACTCTTGGTGCAAGTCCAAGTAGAAGCTATGCACCCAACAACACTTATAATAAGCACCTCCCTCCTCCTAATTTTCTCCCTACTTATTTACCCCTTATTTACTACAATAAGCCCCTCCCCTCGTCAGGAAGGTTGGGCTTTTTCACACGTTGCGACAGCAGTTAAACTAGCATTCTTTGTTAGTCTCCTCCCTCTATTTATTTTTTTGAATGAGGGAGCAGAAACTATTATTACTAACTGAAGCTGAATAAATACCCTAACTTTTGATATTAACCTAAGCTTTAAGTTTGATCACTACTCCATTATTTTTACCCCTATTGCCCTGTATGTTACTTGGTCTATTCTAGAGTTTGCATCCTGGTATATACACGCTGACCCTAATATAAACCGGTTTTTTAAGTATCTTCTGTTATTTTTAGTAGCCATAATTATTCTAGTGACCGCCAATAATATATTCCAAATTTTTATTGGCTGAGAAGGTGTGGGAATTATATCCTTTCTCCTGATTGGTTGATGATTCGGCCGAGCTGATGCCAACACCGCTGCCCTCCAAGCAGTTATTTATAATCGAGTTGGTGATATTGGCCTTATTCTAAGCATGGCCTGATTGGCCATTAACCTTAATTCATGAGAAATACAACAAATATTCGCCGTCTCTAAACAACAAGACCTCACATTGCCTCTTATCGGCCTTATCCTTGCAGCCACTGGTAAATCAGCACAATTTGGCCTCCACCCCTGACTTCCCTCAGCCATAGAAGGACCAACCCCGGTCTCTGCCCTATTACACTCAAGTACTATAGTAGTTGCAGGAATTTTTCTTCTTATTCGACTTAGCCCCCTTATAGAAAATAACCAAACTGCCCTAACAACCTGCCTTTGTTTAGGAGCATTAACCACCTTATTTACAGCTACCTGCGCACTCACTCAAAATGATATTAAAAAAATTGTCGCATTTTCTACATCTAGCCAATTAGGCTTAATAATAGTAACGATCGGCCTAAATCAACCCCAACTCGCATTTCTTCATATTTGTACACATGCCTTCTTCAAAGCAATACTTTTTCTATGCTCAGGCTCTATTATTCATAGCCTAAATGATGAACAGGACATTCGCAAAATAGGGGGGCTTCACCGCCTAGCCCCATTCACCTCCTCATGTTTTACTGTCGGTAGCTTAGCCCTTACAGGAACCCCCTTCCTAGCAGGCTTCTTTTCTAAAGACGCCATTATCGAAGCCCTTAACACATCTTACCTTAACGCCTGAGCCCTTACCCTTACACTTCTAGCCACATCTTTTACAGCCATCTACAGCCTACGAGTAATCTTTTTTGTATCGATAGGACACCCCCGATTCCTACCTCTTTCTCCTATCAATGAAAATAACCCCTTTGTAATAAACCCCCTTAAACGACTGGCCTGAGGCAGTATTATTGCAGGCCTCCTCCTAACCACTAATTTTTTACCTTTAAAAACCCCAGTAATAACCATACCCCCGCTCCTAAAACTATCCGCCTTAATTGTGTCTGTTTTAGGACTTTTAATGGCTTTAGAGCTCGCCTCATTAACTACTAAACAATTCAAAACAACCCCCTGACTCCCCGCACATAATTTCTCTAATATACTTGGTTTTTACCCGGCCATTATCCACCGATTTACCCCTAAAATTAATTTAACCTTAGGACAATTTATTGCAAGCCAAATAGTAGATCAGACATGATTAGAAAAATCAGGCCCTAAAGCAATCTCCTCTATCCAAATTCCATTAGCCTCTACCACAAGTAATATTCAACAAGGAATAATCAAAACATATCTTACACTTTTCTTACTTACACTTACCCTTAGCATTTTATTTATTTCTATTAGACTGCCCGCAAAGTCCCACGACTCAATCCCCGAGTCAACTCAAGAACCACGAATAGTGCTAATAATAATACTCAAGCACAGACTACAAGTATCCCCCCTCCAAATGAATATATAAAGGCAACCCCACCAACATCCCCGCGAAGCACCACAAACTCTTTAAATTCATCTACTGCCACCCAAGACACACCATATCATCCCCCTCAAAATCACCCCGCAGCTAATATAACTCCTGCCAAATAAAGAATTACATAACCTAAGACAGATCGATCTCCTCAAGACTCAGGAAAAGGCTCAGCAGCTAAAGCTGCCGAATACGCAAATACTACTAATATCCCCCCTAAATAAATTAAGAATAAAACTAAAGATAAAAAAGAACCCCCCTGCGCTACCAGTAAACCACAACCAAAACCTGCCGCTAGTACTAATCCAAGTGCCGCAAAGTAAGGCGCAGGGTTAGAAGCAACTGCTACCAACGCTACCACCAACCCAAATAAAAATAAAGACATAAAATAGGCCATAATTCCTGCCCGGATTTTAACCAGGACCAATGACTTGAAAAACCACCGTTGTAACTCAACTACAAGAACACTAATGGCCCTCCGAAAAACCCACCCTTTACTAAAAATCGCAAACCACGCACTAGTTGACTTACCCGCCCCCTCTAATATCTCAGCATGATGAAATTTCGGCTCCCTTTTAGGACTCTGCCTAGCAGCACAAATTCTTACAGGATTATTCCTGGCCATACATTATACCTCAGATATTGCCACAGCCTTCTCCTCAGTTAACCATATCTGTCGAGATGTAAACTACGGATGGCTAATCCGAAGTATACACGCCAACGGCGCCTCTTTCTTCTTCATCTGCATTTATATACACATCGCACGGGGGCTTTATTACGGCTCTTATTTATATAAAGAGACCTGAAATATCGGAGTAATCCTGTTACTCTTAGTTATAATAACTGCTTTTGTAGGATATGTACTTCCTTGGGGACAAATATCCTTTTGGGGTGCAACCGTAATTACCAACCTCCTCTCAGCTGTCCCATACGTAGGAAACGCCCTGGTTCAATGAATTTGAGGCGGTTTCTCCGTCGATAGTGCCACCCTCACTCGATTCTTTGCCTTCCACTTCCTTTTCCCATTTGTAGTCGTAGCTGCCACAGTTATTCACTTATTATTCCTTCACGAAACCGGGTCAAATAACCCCGTGGGTATTAATTCAGATGCAGACAAAATCTCATTTCACCCCTATTTTACCTATAAAGATCTTCTTGGTTTCATTATTATAATAATTGCTCTTATCTCCCTCGCCCTATTTTCACCTAATCTTCTAGGCGACCCAGACAATTTTACCCCCGCCAACCCCCTTGTTACTCCCCCACACATTAAACCAGAATGATACTTCTTATTTGCCTATGCCATTCTCCGATCTATTCCTAATAAACTTGGAGGAGTTCTAGCCCTTTTAGCCTCTATTCTAGTTCTTATACTGGTACCTTTTATTCACACTTCTAAGCAACGAGGCCTAACCTTTCGACCCTTAACACAACTTCTGTTTTGAACTTTTGTAGCTAATGTAATTATCTTAACCTGAATTGGAGGAATACCTGTAGAACACCCTTTTATTATCATTGGACAAGTAGCTTCTTTCCTTTACTTCTTTCTCCTCTTAATTCTTTCTCCCCTTGCAGGATGAGTTGAAAACAAAGCCCTTAAATGAGCTTGCCCTAGTAGCTCAGTTTCAGAGCGCCGGTCTTGTAATCCGGAGGTCTGAGGTTAAATTCCTCCCTAGTGCTCAGAAAGAGGAGATTTTAACTCCCACCTTTAGCTCCCAAAGCTAAAATTCTTAATTAAACTACCCTCTGATTAAACCTGAATACAGTAACCAAAATTTTAAACGCAACAATAAAAATTTTAAACGCAACAATAAAAATTTTTAAAAGTGACCCAAATATTTATGTACCTAGGCATTTTGTGATCTCGTCCATAGCATTTTGAAAATTCCTTAAAATTTTCGTAGTATATTAATACATATATATGTATAATCAACATTTCTTGGAGTATCCCATTCAGACATCCTCATAAAATGAAGTGAGACATAACCCATCTTACGAGAAATCCAAGTCACTGCAGTCGAGAAGTTTCCTTGAATGGTCAACTCTACTTGATTGAACGAACACACATATTACTGACCCAACACATTAACCTCTTAAACTCATTAATGTAGTAAGAAACCACCAAAAGTGATGCCTGGTGCTTTCAATCGCGTGAAGGTCAGGTNCAATCATTGAATTTAGTGCGC
Anotopterus pharao	EU148072	Anotopterus pharao voucher ZMUB:ICHT:15964 cytochrome oxidase subunit I (COI) gene, partial cds; mitochondrial	172142	Eukaryota	Chordata	Actinopteri	Aulopiformes	Alepisauridae	Anotopterus	Anotopterus pharao	CCTTTATCTTCTATTCGGTGCCTGAGCCGGNATAGTAGGCACAGCTTTAAGCCTTTTAATCCGGGCAGAACTTAGCCAACCCGGAGCCCTTTTAGGGGATGATCAAATTTATAATGTAATCGTCACTGCCCACGCCTTCGTAATAATCTTCTTTATAGTAATGCCTATTATAATCGGCGGTTTCGGAAATTGATTAGTTCCATTAATAATCGGAGCCCCTGATATAGCCTTCCCCCGAATGAATAATATAAGCTTCTGACTACTCCCCCCATCTTTTCTTCTTTTATTATCCTCCTCAGCAGTAGAAGCAGGAGCCGGCACGGGTTGAACTGTTTATCCTCCCCTTGCTAGTAACCTAGCACATGCTGGAGCTTCAGTTGACTTAACTATTTTTTCTCTTCACTTGGCAGGAATCTCTTCTATTTTAGGGGCCATTAACTTTATTACAACTATTATCAATATGAAACCTCCAGCTATTACACAATATCAAACCCCTTTATTCGTCTGATCAGTCTTAATTACTGCAGTACTTCTACTTCTTGCCCTCCCTGTTTTAGCAGCAGGAATTACTATACTCCTAACAGACCGAAATTTAAATACCACCTTTTTTGACCCAGCAGGTGGAGGAGACCCAATTCTTTATCAACACCTA
Anotopterus pharao	GU440224	Anotopterus pharao voucher MFC380 cytochrome oxidase subunit 1 (COI) gene, partial cds; mitochondrial|GU440567.1 Xiphister atropurpureus voucher MFC379 cytochrome oxidase subunit 1 (COI) gene, partial cds; mitochondrial	172142	Eukaryota	Chordata	Actinopteri	Aulopiformes	Alepisauridae	Anotopterus	Anotopterus pharao	CCTGTATCTTCTATTCGGTGCCTGAGCTGGAATAGTAGGCACAGCTTTAAGCCTTTTAATCCGGGCAGAACTTAGCCAACCCGGGGCCCTTTTAGGGGATGATCAAATTTATAATGTAATCGTCACTGCCCACGCCTTCGTAATAATCTTCTTTATAGTAATGCCTATTATAATCGGCGGTTTCGGAAATTGATTAGTTCCATTAATAATCGGAGCCCCTGATATAGCCTTCCCCCGAATAAATAATATAAGCTTCTGACTACTCCCCCCATCTTTTCTTCTTTTATTATCCTCCTCAGCAGTAGAAGCAGGGGCCGGCACGGGTTGAACTGTTTATCCTCCCCTTGCTAGTAACCTAGCACATGCTGGAGCTTCAGTTGACTTAACTATTTTTTCTCTTCACTTGGCAGGAATCTCTTCTATTTTAGGGGCCATTAACTTTATTACAACTATTATCAATATAAAACCTCCAGCTATTACACAGTATCAAACCCCTTTATTCGTCTGATCAGTCTTAATTACTGCAGTACTTCTACTTCTTGCCCTCCCTGTTTTAGCAGCAGGAATTACTATACTCCTGACAGACCGAAATTTAAATACCACCTTTTTTGACCCAGCAGGTGGAGGAGACCCGATTCTTTATCAACACTTA
Anotopterus pharao	GU440567	Anotopterus pharao voucher MFC380 cytochrome oxidase subunit 1 (COI) gene, partial cds; mitochondrial|GU440567.1 Xiphister atropurpureus voucher MFC379 cytochrome oxidase subunit 1 (COI) gene, partial cds; mitochondrial	283024	Eukaryota	Chordata	Actinopteri	Perciformes	Stichaeidae	Xiphister	Xiphister atropurpureus	CCTGTATCTTCTATTCGGTGCCTGAGCTGGAATAGTAGGCACAGCTTTAAGCCTTTTAATCCGGGCAGAACTTAGCCAACCCGGGGCCCTTTTAGGGGATGATCAAATTTATAATGTAATCGTCACTGCCCACGCCTTCGTAATAATCTTCTTTATAGTAATGCCTATTATAATCGGCGGTTTCGGAAATTGATTAGTTCCATTAATAATCGGAGCCCCTGATATAGCCTTCCCCCGAATAAATAATATAAGCTTCTGACTACTCCCCCCATCTTTTCTTCTTTTATTATCCTCCTCAGCAGTAGAAGCAGGGGCCGGCACGGGTTGAACTGTTTATCCTCCCCTTGCTAGTAACCTAGCACATGCTGGAGCTTCAGTTGACTTAACTATTTTTTCTCTTCACTTGGCAGGAATCTCTTCTATTTTAGGGGCCATTAACTTTATTACAACTATTATCAATATAAAACCTCCAGCTATTACACAGTATCAAACCCCTTTATTCGTCTGATCAGTCTTAATTACTGCAGTACTTCTACTTCTTGCCCTCCCTGTTTTAGCAGCAGGAATTACTATACTCCTGACAGACCGAAATTTAAATACCACCTTTTTTGACCCAGCAGGTGGAGGAGACCCGATTCTTTATCAACACTTA
Anotopterus pharao	JN640771	Anotopterus pharao voucher P.043760 cytochrome oxidase subunit 1 (COI) gene, partial cds; mitochondrial	172142	Eukaryota	Chordata	Actinopteri	Aulopiformes	Alepisauridae	Anotopterus	Anotopterus pharao	CCTGTATCTTCTATTCGGTGCCTGAGCCGGAATAGTAGGCACAGCTTTAAGCCTTTTAATCCGGGCAGAACTTAGCCAACCCGGAGCCCTTTTAGGGGATGATCAAATTTATAATGTAATCGTCACTGCCCACGCCTTCGTAATAATCTTCTTTATAGTAATACCTATTATAATCGGCGGTTTCGGAAATTGACTAGTTCCATTAATAATCGGAGCCCCTGATATAGCCTTCCCCCGAATGAATAATATAAGCTTCTGACTACTCCCCCCCTCTTTTCTTCTTTTACTATCCTCCTCAGCAGTAGAAGCAGGGGCCGGCACGGGTTGAACTGTTTATCCTCCCCTTGCTAGTAACCTAGCACATGCTGGAGCTTCAGTTGACTTAACTATTTTTTCTCTTCACTTAGCAGGAATCTCTTCTATTTTAGGGGCCATTAATTTTATTACAACTATTATCAATATGAAACCTCCAGCTATTACACAATATCAAACCCCTTTATTCGTCTGATCAGTCTTAATTACTGCAGTACTTCTACTTCTTGCCCTCCCTGTTTTAGCAGCAGGAATTACTATACTCCTAACAGACCGAAATTTAAATACCACCTTTTTTGACCCAGCAGGTGGAGGAGACCCAATTCTTTATCAACACCTA
Anotopterus pharao	KC015185	Anotopterus pharao voucher 06-405 cytochrome oxidase subunit 1 (COI) gene, partial cds; mitochondrial	172142	Eukaryota	Chordata	Actinopteri	Aulopiformes	Alepisauridae	Anotopterus	Anotopterus pharao	CCTATATCTTCTATTCGGTGCCTGAGCCGGAATAGTAGGCACAGCTTTAAGCCTTTTAATCCGGGCAGAACTTAGCCAACCCGGAGCCCTTTTAGGGGATGATCAAATTTATAATGTAATCGTCACTGCCCACGCCTTCGTAATAATCTTCTTTATAGTAATGCCTATTATAATCGGCGGTTTCGGAAATTGATTAGTTCCATTAATAATCGGAGCCCCTGATATAGCCTTCCCCCGAATGAATAATATAAGCTTCTGACTACTCCCCCCATCTTTTCTTCTTTTATTATCCTCCTCAGCAGTAGAAGCAGGAGCCGGCACGGGTTGAACTGTTTATCCTCCCCTTGCTAGTAACCTAGCACATGCTGGAGCTTCAGTTGACTTAACTATTTTTTCTCTCCACTTGGCAGGAATCTCTTCTATTTTAGGGGCCATTAACTTTATTACAACCATTATCAATATAAAACCTCCAGCTATTACACAATATCAAACCCCTTTATTCGTCTGATCAGTCTTAATTACTGCAGTACTTCTACTTCTTGCCCTCCCTGTTTTAGCAGCAGGAATTACTATACTCCTAACAGACCGAAATTTAAATACCACCTTTTTTGACCCAGCAGGNGGAGGAGACCCAATTCTTTATCAACACCTA
Anotopterus pharao	KF929603	Anotopterus pharao voucher KUT 7440 cytochrome oxidase subunit 1 (COI) gene, partial cds; mitochondrial	172142	Eukaryota	Chordata	Actinopteri	Aulopiformes	Alepisauridae	Anotopterus	Anotopterus pharao	CCTGTATCTTCTATTCGGTGCCTGAGCCGGAATAGTAGGCACAGCTTTAAGCCTTTTAATCCGGGCAGAACTTAGCCAACCCGGAGCCCTTTTAGGGGATGATCAAATTTATAATGTAATCGTCACTGCCCACGCCTTCGTAATAATCTTCTTTATAGTAATGCCTATTATAATCGGCGGTTTCGGAAATTGATTAGTTCCATTAATAATCGGAGCCCCTGATATAGCCTTCCCCCGAATGAATAATATAAGCTTCTGACTACTCCCCCCATCTTTTCTTCTTTTATTATCCTCCTCAGCAGTAGAAGCAGGAGCAGGCACGGGTTGAACTGTTTATCCTCCCCTTGCTAGTAACCTAGCACATGCTGGAGCTTCAGTTGACTTAACTATTTTTTCTCTTCACTTGGCAGGAATCTCTTCTATTTTAGGGGCCATTAACTTTATCACAACTATTATTAATATGAAACCTCCAGCTATTACACAATATCAAACCCCTTTATTCGTCTGATCAGTCTTAATTACTGCAGTACTTCTACTTCTTGCCCTCCCTGTTTTAGCAGCAGGAATTACTATGCTCCTAACAGACCGAAATTTAAATACCACCTTTTTTGACCCAGCAGGTGGAGGAGACCCAATTCTTTATCAACACCTA
Anotopterus pharao	KM981885	Anotopterus pharao voucher KU T2305 cytochrome oxidase subunit 1 (COI) gene, partial cds; mitochondrial	172142	Eukaryota	Chordata	Actinopteri	Aulopiformes	Alepisauridae	Anotopterus	Anotopterus pharao	AGCCTTTTAATCCGGGCAGAACTTAGCCAACCCGGGGCCCTTTTAGGGGATGATCAAATTTATAATGTAATCGTCACTGCCCACGCCTTCGTAATAATCTTCTTTATAGTAATGCCTATTATAATCGGCGGTTTCGGAAATTGATTAGTTCCATTAATAATCGGAGCCCCTGATATAGCCTTCCCCCGAATAAATAATATAAGCTTCTGACTACTCCCCCCATCTTTTCTTCTTTTATTATCCTCCTCAGCAGTAGAAGCAGGGGCCGGCACGGGTTGAACTGTTTATCCTCCCCTTGCTAGTAACCTAGCACATGCTGGAGCTTCAGTTGACTTAACTATTTTTTCTCTTCACTTGGCAGGAATCTCTTCTATTTTAGGGGCCATTAACTTTATTACAACTATTATCAATATAAAACCTCCAGCTATTACACAGTATCAAACCCCTTTATTCGTCTGATCAGTCTTAATTACTGCAGTACTTCTACTTCTTGCCCTCCCTGTTTTAGCAGCAGGAATTACTATACTCCTGACAGACCGAAATTTAAATACCACCTTTTTTGACCCAGCAGGTGGAGGAGACCCGATTCTTTATCAACACTTA
Anotopterus pharao	LC021172	Anotopterus pharao mitochondrial gene for 12S rRNA, partial sequence, specimen_voucher: KU:28218	172142	Eukaryota	Chordata	Actinopteri	Aulopiformes	Alepisauridae	Anotopterus	Anotopterus pharao	CACCGCGGTTATACGAGGGACCCAAGCTGACAGATATCGGCGTAAAGAGTGGTTACGGAAAATTATTACTAAAGTTAAACACCCCTTAAGCTGTTATACGCATAGAGAGGCAGGATACCCAACCACGAAAGTGACTTTAATATGCCCGAACCCACCTAAGCTATGAAA
